MARITAL,DIVORCE,CHILDS,AGE,AGEKDBRN,DEGREE,SEX,RACE,INCOME,PRES16,POLVIEWS,NATENVIR,NATARMS,NATSCI,NATENRGY,GRASS,SATJOB,OWNGUN,PISTOL
5,0,0,43,0,2,1,1,27,2,6,2,3,2,1,0,1,2,2
4,0,3,74,21,1,2,1,16,2,8,0,0,1,2,2,0,2,2
1,2,2,42,35,3,1,1,25,2,5,1,1,8,1,1,2,0,0
1,2,2,63,32,3,2,1,26,8,4,0,0,1,1,2,1,0,0
3,0,0,71,0,4,1,2,26,2,7,0,0,1,1,2,0,1,1
2,2,2,67,27,3,2,1,98,1,3,0,0,2,2,0,0,1,2
3,0,6,59,18,1,2,2,12,1,4,0,0,1,2,1,1,2,2
5,0,0,43,0,1,1,1,19,2,5,1,1,1,1,1,1,2,2
2,2,4,62,17,0,2,1,5,0,4,2,9,3,2,1,2,0,0
1,2,2,55,30,1,1,1,22,2,8,0,0,2,1,1,2,0,0
3,0,2,59,30,4,1,1,25,2,6,0,0,2,2,0,1,1,2
4,0,3,34,20,1,2,3,13,1,4,0,0,8,2,8,2,0,0
3,0,2,61,20,1,2,1,14,0,4,1,2,1,2,0,0,2,2
1,2,2,44,34,3,1,2,23,0,3,0,0,1,1,1,2,2,2
5,0,2,41,19,1,2,2,2,0,2,1,2,2,2,1,3,0,0
2,2,4,75,20,1,2,1,20,0,5,0,0,1,8,0,2,2,2
1,2,0,55,0,3,2,1,22,1,2,0,0,1,1,1,4,0,0
1,2,2,30,26,3,2,1,98,0,6,2,2,2,8,0,2,2,2
3,0,2,40,32,4,2,1,21,1,2,1,2,1,1,2,2,2,2
5,0,0,30,0,4,1,1,98,2,4,0,0,8,1,1,3,0,0
1,2,1,34,31,1,2,1,23,0,6,1,2,2,1,0,1,2,2
5,0,0,29,0,2,2,3,98,2,6,0,0,2,8,8,0,2,2
1,2,1,40,35,2,2,1,22,1,4,2,2,2,2,1,1,0,0
5,0,0,37,0,1,1,1,20,1,1,0,0,1,1,0,1,1,1
1,2,3,56,27,3,2,1,21,2,6,1,2,2,1,0,1,2,2
2,1,2,82,31,0,1,1,16,9,4,1,1,2,1,1,0,2,2
3,0,3,68,22,1,2,1,17,2,4,8,3,2,1,0,2,2,2
5,0,5,42,15,0,2,2,9,1,4,0,0,2,2,1,1,2,2
3,0,3,40,21,1,2,1,19,8,7,1,2,1,1,2,2,0,0
5,0,0,20,0,1,1,1,23,0,2,1,2,1,2,8,1,2,2
1,2,2,74,25,1,2,1,27,2,7,0,0,1,3,2,0,0,0
1,2,7,89,25,0,1,1,16,8,4,0,0,1,1,2,0,2,2
1,1,2,60,28,3,2,1,27,1,4,1,2,1,2,1,1,0,0
3,0,0,56,0,3,2,1,23,1,1,1,3,1,1,0,4,2,2
3,0,3,55,19,0,2,1,27,1,6,1,1,2,2,2,1,0,0
1,1,5,65,26,4,1,1,24,2,7,8,1,2,2,2,1,2,2
2,2,1,71,20,4,2,1,22,1,4,1,3,2,1,0,2,2,2
5,0,0,34,0,4,1,1,18,1,1,0,0,1,1,1,4,2,2
1,1,1,45,33,4,1,1,20,0,5,1,2,2,1,1,2,0,0
9,9,9,50,99,1,2,2,27,9,4,0,0,1,1,0,9,3,3
3,0,2,65,30,1,2,1,10,1,3,0,0,8,1,1,1,0,0
5,0,0,52,0,1,1,1,17,0,4,1,1,2,2,0,2,2,2
2,2,1,62,26,1,2,1,18,1,4,0,0,2,1,1,0,0,0
1,2,0,60,0,4,1,3,27,1,4,0,0,1,1,1,9,2,2
3,0,2,62,24,3,2,1,21,1,2,1,2,2,1,1,1,2,2
2,1,3,46,18,1,2,1,16,1,5,0,0,3,2,8,2,0,0
1,2,2,40,32,4,1,1,23,0,3,1,3,2,2,1,2,0,0
1,2,3,53,33,4,2,1,26,1,3,0,0,1,2,1,3,0,0
3,0,1,75,39,3,1,1,23,2,6,1,1,1,1,2,0,0,0
3,0,2,67,40,3,2,1,22,1,4,0,0,1,1,0,0,2,2
5,0,0,22,0,1,1,1,98,0,8,1,2,1,1,1,1,2,2
4,0,3,42,18,1,2,1,15,1,4,1,2,2,1,0,2,2,2
3,0,2,59,25,4,2,1,21,0,4,1,2,2,2,8,2,0,0
1,2,1,33,28,4,2,3,19,0,4,1,2,2,1,2,0,2,2
1,2,2,46,28,3,1,1,26,2,3,0,0,2,2,1,1,0,0
3,0,1,55,43,3,1,1,24,2,4,0,0,1,2,1,2,2,2
1,2,2,43,33,3,2,1,23,1,4,1,2,1,1,1,1,0,0
5,0,2,45,19,1,2,2,8,9,8,1,2,8,8,0,3,2,2
5,0,0,23,0,0,1,1,20,0,6,0,0,2,2,1,3,2,2
4,0,2,28,21,1,2,2,7,0,4,0,0,1,1,1,2,0,0
1,2,1,27,21,1,2,2,5,0,2,1,3,1,2,0,1,2,2
1,2,3,42,14,0,2,2,17,1,1,1,1,8,1,1,3,0,0
5,0,0,41,0,3,2,2,19,1,4,1,2,1,1,0,2,2,2
2,1,1,64,25,1,2,2,17,1,4,0,0,1,1,0,0,2,2
5,0,4,53,98,0,1,2,98,0,4,0,0,1,1,2,0,0,0
3,0,4,79,20,4,1,2,13,1,2,1,3,1,1,0,0,2,2
1,2,3,34,24,1,1,1,22,0,6,0,0,2,2,0,2,2,2
4,0,3,59,25,1,2,2,25,1,4,0,0,1,1,1,0,2,2
5,0,0,32,0,4,2,2,24,1,3,1,3,1,1,0,2,2,2
1,2,3,33,16,3,2,2,11,0,1,1,3,1,1,2,4,0,0
5,0,0,35,0,1,1,1,8,1,4,0,0,1,1,2,9,0,0
1,2,0,37,0,2,1,2,24,0,2,0,0,1,1,2,2,0,0
1,2,0,28,0,3,2,3,20,0,3,1,8,1,1,0,1,2,2
1,2,2,42,28,4,2,1,26,1,2,1,3,2,1,1,2,2,2
5,0,0,21,0,1,1,1,22,0,2,0,0,1,1,1,2,2,2
5,0,2,33,25,2,2,2,26,1,6,0,0,1,2,0,1,2,2
1,2,2,37,29,3,2,1,26,0,4,1,2,2,1,8,1,2,2
2,1,3,89,17,0,2,1,20,9,4,0,0,2,1,8,2,0,0
1,2,1,47,41,2,2,3,27,9,4,0,0,3,1,8,1,3,3
1,2,9,63,99,0,2,3,27,9,9,0,0,2,2,8,9,0,0
1,2,0,71,0,3,2,2,22,1,2,1,2,2,1,0,0,2,2
1,2,1,42,33,1,2,2,24,1,9,1,1,1,1,0,1,2,2
3,0,1,37,22,1,2,3,19,0,4,1,1,2,1,1,1,0,0
1,2,4,40,19,1,2,1,20,1,7,0,0,2,1,0,1,2,2
4,0,4,70,25,1,1,1,18,1,6,0,0,1,1,1,1,1,2
5,0,0,28,0,3,1,2,19,1,3,1,1,2,1,9,2,0,0
5,0,2,53,26,1,2,3,17,1,2,0,0,1,1,2,2,0,0
1,2,2,46,32,1,1,1,26,1,1,1,2,2,2,1,1,2,2
1,1,0,55,0,4,1,1,22,1,2,0,0,2,1,1,1,0,0
5,0,0,28,0,4,1,3,8,3,4,1,3,1,1,1,1,0,0
5,0,0,42,0,4,1,1,22,1,4,0,0,1,1,1,3,0,0
1,1,0,77,0,4,2,1,23,1,1,1,3,2,1,0,1,2,2
5,0,0,29,0,4,1,3,27,0,3,0,0,2,2,1,1,0,0
2,2,1,62,25,0,2,2,27,0,2,2,2,1,8,8,1,0,0
5,0,2,30,25,3,2,2,22,1,2,0,0,2,1,0,2,1,1
5,0,0,22,0,1,1,2,27,0,2,0,0,1,2,2,3,8,0
1,1,1,69,17,1,2,2,22,1,2,1,3,3,3,1,0,2,2
4,0,0,45,0,3,1,2,24,1,5,1,2,2,2,0,1,2,2
1,2,1,32,22,1,2,3,27,1,4,0,0,2,2,1,1,2,2
2,2,1,60,19,0,2,1,8,0,4,2,2,3,2,2,1,2,2
3,0,1,48,25,0,1,3,19,2,6,0,0,3,3,0,1,2,2
3,0,1,81,30,1,2,3,2,0,2,2,2,8,8,0,0,2,2
1,2,0,50,0,4,1,3,26,1,2,0,0,1,1,1,3,2,2
1,2,2,78,29,1,2,1,22,2,5,1,2,2,1,2,0,2,2
5,0,0,56,0,4,1,1,20,1,1,0,0,1,1,1,3,0,0
5,0,0,60,0,1,1,1,22,2,5,2,2,2,2,0,2,2,2
5,0,0,23,0,1,1,1,25,2,4,0,0,1,1,2,1,0,0
5,0,0,67,0,1,2,1,27,0,8,0,0,1,8,1,3,0,0
1,2,5,54,20,3,2,1,27,0,9,1,2,1,2,2,1,2,2
1,2,2,62,27,2,2,1,25,1,3,0,0,2,2,1,1,0,0
3,0,2,55,23,2,2,1,22,1,4,0,0,1,2,1,1,1,1
1,1,1,56,30,1,2,1,25,0,6,1,1,2,1,8,1,0,0
5,0,0,58,0,2,1,1,22,0,1,0,0,1,1,1,1,0,0
3,0,1,74,20,1,2,1,9,1,8,1,3,1,8,2,0,0,0
1,1,3,70,31,3,1,1,26,1,3,0,0,2,2,1,1,0,0
1,2,2,35,33,3,1,1,26,2,5,1,3,2,1,0,2,2,2
1,2,2,65,20,0,1,2,21,1,4,0,0,2,2,1,0,0,0
1,2,2,42,29,2,2,1,19,1,4,1,1,1,1,1,0,1,1
1,1,2,48,40,1,2,1,20,0,5,0,0,3,3,1,1,2,2
5,0,0,32,0,1,1,1,18,2,4,0,0,8,2,0,2,2,2
1,2,3,56,41,1,2,1,22,0,6,1,1,3,3,2,1,1,1
1,2,2,61,22,1,2,1,21,0,7,1,1,2,2,0,1,1,2
2,1,2,76,32,3,2,1,20,1,1,0,0,1,1,1,1,2,2
1,2,2,59,28,3,2,1,21,1,5,1,1,2,2,1,1,2,2
5,0,0,69,0,3,1,1,16,1,2,1,2,1,1,0,2,2,2
5,0,0,48,0,4,1,3,22,1,3,1,2,2,1,2,1,0,0
1,1,2,68,39,4,2,1,21,2,6,0,0,2,1,0,1,2,2
5,0,0,39,0,3,2,1,1,0,3,1,3,1,1,1,1,2,2
1,2,2,38,24,4,1,1,24,1,4,0,0,1,1,0,1,2,2
5,0,1,39,32,4,2,1,25,1,2,1,3,1,1,1,2,2,2
1,2,4,52,23,1,2,1,27,0,4,0,0,2,1,2,2,0,0
1,2,1,41,27,4,2,1,17,0,1,1,3,2,2,0,1,2,2
1,2,3,60,38,3,1,1,26,1,2,1,3,1,1,1,1,0,0
1,2,2,69,22,1,1,1,26,1,2,1,3,1,1,2,1,1,1
1,1,0,60,0,1,1,1,26,0,2,0,0,2,1,1,1,0,0
5,0,0,22,0,1,2,3,19,0,3,3,1,8,2,1,1,0,0
5,0,0,33,0,1,1,3,21,0,4,0,0,1,2,0,0,2,2
1,2,0,35,0,3,2,3,24,0,5,1,3,1,8,1,3,2,2
1,2,2,38,27,0,2,1,16,0,4,0,0,8,1,2,2,0,0
5,0,0,25,0,1,2,1,16,0,4,1,3,3,2,0,3,2,2
3,0,2,55,36,2,1,1,22,2,6,3,1,3,3,2,2,1,2
1,2,0,34,0,1,1,1,14,1,2,0,0,1,1,1,1,0,0
3,0,0,49,0,0,1,3,27,0,9,1,2,1,1,0,3,2,2
5,0,0,18,0,1,1,2,12,0,4,2,3,3,1,8,0,0,0
3,0,3,56,20,1,1,3,20,1,3,0,0,1,1,1,1,0,0
5,0,0,19,0,1,1,2,20,0,6,2,2,2,1,0,2,2,2
5,0,0,34,0,1,1,2,20,0,4,1,3,2,1,1,3,0,0
5,0,0,26,0,3,2,2,10,1,8,0,0,2,2,1,4,0,0
5,0,0,28,0,1,1,1,20,0,4,1,3,2,2,0,0,1,1
4,0,2,59,32,4,2,1,22,1,2,0,0,1,2,1,1,0,0
5,0,0,39,0,4,2,2,20,9,4,0,0,2,2,1,1,3,3
4,0,4,77,16,1,2,2,4,1,6,2,2,2,2,2,0,2,2
5,0,1,35,22,1,2,2,4,1,5,0,0,2,1,8,1,0,0
4,0,4,46,19,3,2,3,21,0,4,0,0,8,1,8,2,2,2
5,0,0,57,0,0,1,3,18,0,4,0,0,2,2,1,3,0,0
1,1,4,35,19,0,2,3,9,0,4,0,0,2,1,2,2,2,2
4,0,4,58,15,1,2,1,15,1,5,0,0,1,2,0,1,2,2
5,0,0,20,0,1,2,3,18,0,4,2,2,2,2,0,2,2,2
1,2,5,48,17,0,2,3,12,0,4,0,0,1,2,2,2,0,0
4,0,3,51,20,0,2,1,10,0,4,1,3,2,2,0,2,2,2
5,0,0,18,0,0,2,3,98,0,2,0,0,2,2,1,0,2,2
5,0,0,18,0,1,2,1,23,0,2,1,3,1,2,1,0,0,0
1,2,2,41,26,1,2,3,20,0,4,0,0,1,8,0,1,2,2
1,2,2,51,25,1,2,3,5,0,4,1,2,1,1,2,2,2,2
1,2,4,41,16,0,2,1,3,0,4,2,2,2,1,0,3,2,2
5,0,1,71,21,1,2,1,98,1,2,1,3,1,2,8,0,0,0
5,0,0,43,0,0,1,1,18,0,4,2,2,2,2,1,2,2,2
5,0,0,53,0,3,1,3,98,0,2,3,3,1,3,0,1,2,2
5,0,0,46,0,2,1,1,19,0,3,0,0,1,1,8,3,2,2
1,2,3,36,24,1,1,1,20,0,3,0,0,1,2,0,2,2,2
5,0,0,19,0,1,1,1,20,0,5,1,2,2,2,2,3,2,2
1,2,1,65,28,1,1,3,16,0,2,0,0,8,1,2,3,0,0
3,0,0,60,0,1,2,1,18,2,4,0,0,2,2,2,2,2,2
5,0,0,63,0,3,2,1,27,1,6,2,1,2,1,2,0,0,0
1,2,2,36,33,4,1,1,26,1,2,1,3,2,1,1,1,2,2
1,2,2,40,22,3,2,3,25,0,6,0,0,2,3,1,8,0,0
1,2,3,42,27,4,2,1,26,1,1,1,2,1,1,0,1,2,2
4,0,0,61,0,1,1,1,24,2,8,0,0,2,2,1,1,1,1
5,0,0,27,0,3,1,3,21,1,3,1,3,2,1,1,2,0,0
5,0,1,52,26,1,1,1,10,0,4,0,0,2,2,0,3,2,2
5,0,0,36,0,1,2,2,98,0,8,2,2,2,2,2,1,2,2
3,0,4,74,24,1,2,1,9,0,2,0,0,1,1,1,0,0,0
5,0,0,36,0,4,1,1,24,1,2,1,3,1,1,0,4,2,2
5,0,0,34,0,4,1,1,21,1,4,1,2,1,2,1,2,0,0
3,0,1,46,32,3,1,3,24,0,4,0,0,2,2,0,4,2,2
5,0,0,21,0,1,2,1,25,1,2,0,0,2,1,1,0,2,2
3,0,3,72,20,0,2,1,22,0,4,1,1,2,2,2,0,0,0
1,2,2,46,39,3,1,3,23,1,3,0,0,1,2,0,3,2,2
5,0,0,21,0,1,2,1,27,0,4,1,3,1,2,1,0,2,2
5,0,1,46,32,1,1,3,21,0,6,1,2,2,1,1,1,0,0
3,0,3,53,24,1,1,3,23,4,4,2,3,2,1,1,1,1,1
2,1,4,74,28,4,2,1,26,4,6,0,0,1,2,1,0,2,2
3,0,1,70,26,0,1,1,1,0,4,3,8,8,8,2,2,0,0
1,2,1,36,31,3,2,3,22,3,4,0,0,1,1,0,1,2,2
1,1,1,57,19,0,1,1,12,0,7,0,0,1,1,8,0,0,0
5,0,0,60,0,3,1,1,22,2,6,2,2,2,2,0,2,2,2
3,0,3,53,18,0,2,3,20,0,7,2,1,2,2,2,1,0,0
1,2,4,69,21,1,1,1,22,1,3,0,0,1,1,0,1,1,1
1,2,3,38,29,3,2,1,24,1,4,1,2,1,2,1,1,2,2
1,2,3,48,23,1,2,1,26,2,6,1,2,1,1,0,1,2,2
5,0,0,30,0,3,1,3,21,0,4,1,3,1,2,0,3,2,2
5,0,0,29,0,1,1,1,26,1,4,0,0,2,1,0,1,1,1
1,2,2,68,25,3,2,1,23,1,2,1,2,1,1,1,0,2,2
1,2,5,64,26,1,2,1,21,0,4,2,2,2,1,0,2,1,2
1,2,2,43,34,4,1,3,21,0,2,0,0,8,8,2,2,2,2
2,2,1,69,21,1,2,1,22,9,4,1,2,8,1,1,0,0,0
1,1,3,47,18,1,1,1,23,0,6,0,0,1,2,0,3,1,1
1,2,2,57,25,1,1,1,21,2,7,0,0,1,3,2,1,0,0
1,2,0,50,0,4,1,1,22,1,2,0,0,1,2,1,2,2,2
5,0,0,25,0,1,2,3,98,1,4,2,2,2,2,2,3,0,0
3,0,2,75,24,1,1,1,12,1,1,1,3,1,1,1,0,1,1
1,2,2,46,22,1,1,1,26,2,6,0,0,2,2,2,1,0,0
3,0,2,77,17,0,2,1,13,0,4,1,8,1,2,0,0,2,2
5,0,0,18,0,0,2,2,10,0,4,3,3,1,2,1,0,0,0
1,1,1,62,23,1,2,1,16,2,6,1,1,2,1,8,0,1,2
1,2,2,30,28,2,2,1,16,1,4,2,2,2,2,0,2,2,2
2,2,1,70,33,0,2,3,13,1,8,0,0,8,1,1,0,2,2
1,2,1,50,23,0,1,1,5,0,3,2,2,2,2,2,2,0,0
4,0,5,44,20,1,2,3,9,0,6,0,0,3,3,0,1,2,2
1,2,1,33,32,1,2,1,17,0,2,0,0,3,2,2,1,2,2
1,2,2,34,28,4,2,1,24,2,6,1,1,2,2,1,1,1,1
1,2,2,46,32,3,2,1,26,1,1,0,0,1,1,1,2,2,2
1,1,3,51,20,1,1,1,20,0,4,0,0,1,1,0,2,2,2
5,0,0,28,0,1,1,2,21,4,6,2,3,1,1,1,1,2,2
3,0,5,74,25,3,1,3,20,1,4,2,2,2,3,0,1,1,1
5,0,2,29,25,1,2,1,20,3,4,1,2,1,1,1,4,0,0
1,2,8,49,17,0,1,3,16,0,2,0,0,3,3,0,1,2,2
5,0,0,28,0,3,2,1,20,0,3,1,3,1,1,1,3,1,1
4,0,4,48,20,1,2,1,21,0,5,0,0,2,1,8,4,0,0
5,0,1,24,19,1,2,1,17,0,4,1,1,1,1,1,2,0,0
3,0,1,51,25,1,2,3,15,0,4,2,3,8,2,1,1,2,2
3,0,2,42,25,3,2,1,20,0,6,2,1,3,1,2,1,0,0
1,2,3,44,29,3,1,2,27,1,4,1,3,1,1,2,1,2,2
1,2,0,33,0,1,2,1,18,0,1,1,1,2,2,0,1,1,2
1,2,0,29,0,1,1,1,22,0,5,0,0,2,1,2,2,1,1
1,1,0,48,0,3,2,1,26,1,2,1,2,1,1,1,1,0,0
2,1,4,62,17,0,2,1,16,2,4,0,0,1,1,0,1,2,2
2,1,4,88,18,1,2,1,98,2,6,3,1,2,2,2,2,2,2
1,1,4,65,29,4,1,1,25,2,5,0,0,2,3,1,1,0,0
1,2,0,28,0,1,2,1,24,1,3,1,3,2,2,0,2,1,1
1,1,3,58,23,2,2,1,21,1,4,0,0,2,2,2,1,2,2
5,0,2,26,19,1,1,1,18,0,4,1,3,2,1,1,1,2,2
1,2,3,61,28,1,2,1,16,2,7,0,0,2,2,1,1,0,0
1,2,3,30,23,1,2,1,21,0,3,1,2,2,2,0,1,1,1
5,0,0,22,0,1,2,1,6,1,2,3,2,1,3,1,3,0,0
5,0,0,24,0,1,2,3,98,0,4,2,2,2,2,0,2,2,2
5,0,2,29,24,1,1,3,21,1,4,0,0,2,2,1,1,1,2
2,2,1,70,22,1,1,1,18,2,4,0,0,1,1,2,0,2,2
5,0,0,34,0,4,1,1,27,0,4,0,0,1,1,1,9,2,2
1,2,0,66,0,1,1,1,26,0,5,0,0,2,2,0,0,2,2
3,0,2,84,24,1,2,1,10,0,5,1,2,1,1,1,0,2,2
1,2,2,37,32,3,1,1,26,1,3,0,0,1,1,1,2,0,0
3,0,3,61,18,2,2,1,11,0,2,0,0,2,1,1,1,0,0
5,0,7,58,20,1,2,2,10,0,6,3,3,2,1,2,1,0,0
3,0,6,88,24,0,1,2,9,0,3,0,0,1,3,0,0,2,2
4,0,8,80,20,0,2,3,98,0,1,0,0,1,1,0,2,2,2
5,0,1,36,28,1,1,3,24,0,4,1,2,1,1,1,3,2,2
5,0,0,33,0,3,2,1,19,1,2,1,3,1,1,0,2,2,2
2,2,7,81,25,3,1,1,19,3,4,0,0,2,3,0,0,2,2
1,2,3,31,20,1,1,3,20,1,5,1,3,2,2,1,1,0,0
1,2,3,69,28,3,2,1,25,1,2,1,3,1,1,0,0,2,2
5,0,0,26,0,3,1,1,25,1,2,0,0,2,1,1,3,1,1
1,1,0,45,0,3,1,1,25,0,4,1,2,2,2,1,2,0,0
1,2,1,54,38,3,2,1,21,2,6,0,0,1,1,1,3,0,0
1,2,2,61,33,3,2,1,26,3,5,3,1,2,1,0,2,1,1
5,0,0,19,0,1,1,1,19,0,2,1,3,1,1,1,0,0,0
4,0,2,58,41,3,1,1,22,1,2,0,0,1,1,1,2,2,2
3,0,1,50,31,2,2,1,21,1,4,0,0,2,2,1,1,0,0
5,0,0,36,0,3,1,2,24,1,3,0,0,2,1,1,2,2,2
5,0,1,27,23,1,2,1,21,3,2,0,0,2,1,0,2,2,2
5,0,0,51,0,1,1,3,20,2,4,1,3,1,1,2,2,2,2
1,2,2,48,22,3,1,1,10,0,5,0,0,2,1,0,1,2,2
5,0,2,29,20,1,2,1,20,1,3,0,0,2,1,1,2,2,2
3,0,3,65,31,4,2,1,22,1,1,0,0,1,1,0,2,2,2
5,0,0,67,0,3,2,1,21,1,2,0,0,1,1,2,0,2,2
1,2,1,53,28,3,1,1,23,0,3,0,0,2,1,1,1,0,0
1,2,2,45,34,4,1,1,26,1,2,0,0,1,1,1,1,2,2
3,0,1,36,22,1,2,1,16,1,2,1,3,1,1,1,3,2,2
1,2,1,60,38,1,1,1,23,3,7,0,0,1,3,1,1,2,2
1,2,3,63,27,3,2,2,26,1,4,2,2,2,1,1,3,0,0
3,0,1,52,28,1,2,1,20,2,4,0,0,2,1,0,3,2,2
1,2,3,34,30,1,1,1,21,0,2,1,3,2,1,1,2,2,2
1,2,0,58,0,1,1,1,27,2,5,0,0,2,2,1,2,0,0
1,1,1,63,23,1,1,1,24,2,5,1,2,1,2,0,0,2,2
3,0,0,71,0,3,2,1,20,1,2,0,0,1,1,1,0,2,2
1,1,2,67,21,1,2,1,23,1,4,0,0,2,2,1,0,0,0
3,0,3,65,29,3,2,1,25,1,4,0,0,2,2,1,1,2,2
5,0,1,39,37,1,2,1,18,1,3,0,0,2,2,0,2,2,2
4,0,3,46,19,1,2,1,19,0,4,0,0,1,1,8,1,0,0
2,2,4,83,24,1,2,1,14,1,3,0,0,1,2,0,0,2,2
3,0,1,59,34,3,1,1,23,2,7,3,1,1,3,1,2,1,1
1,2,1,63,38,4,2,1,27,8,4,0,0,1,1,1,1,2,2
5,0,2,38,24,1,2,1,18,2,4,1,3,1,1,1,2,0,0
3,0,2,50,31,1,1,1,19,2,5,0,0,2,2,0,3,1,2
5,0,0,18,0,1,2,1,2,0,8,1,2,2,2,2,0,2,2
1,1,3,45,24,3,2,1,25,1,2,2,2,2,2,0,2,1,1
5,0,0,18,0,0,2,1,24,0,5,1,2,1,2,1,0,0,0
5,0,0,39,0,4,1,2,26,2,3,0,0,1,1,0,0,1,1
5,0,0,31,0,4,2,1,20,1,4,1,3,1,1,0,1,2,2
5,0,1,44,98,3,2,2,21,0,4,0,0,2,8,1,1,2,2
1,2,1,46,28,3,2,2,24,1,3,1,3,1,2,2,1,0,0
1,2,2,56,22,1,2,1,26,2,7,2,2,2,2,2,1,1,8
1,2,2,37,33,1,1,1,26,1,4,0,0,1,1,0,1,2,2
3,0,1,52,35,4,2,1,23,1,2,0,0,1,1,1,1,0,0
1,2,3,69,24,1,1,1,20,9,4,0,0,2,2,1,2,1,2
4,0,2,34,31,1,1,3,19,0,2,0,0,2,2,0,1,2,2
5,0,0,25,0,3,1,1,27,2,6,2,2,1,2,2,1,3,3
5,0,0,33,0,0,1,3,27,9,4,0,0,8,8,8,1,2,2
3,0,2,45,27,1,2,1,14,2,4,1,2,2,1,1,2,0,0
1,2,3,57,35,3,1,1,26,2,3,1,3,1,1,1,0,2,2
3,0,3,77,37,1,1,1,20,2,5,2,3,2,1,0,0,1,1
5,0,3,29,98,3,1,3,22,1,4,0,0,1,1,0,2,2,2
2,2,0,58,0,4,1,1,26,1,1,1,2,1,1,1,1,2,2
1,2,2,42,33,4,1,1,23,1,3,0,0,1,1,1,1,1,2
3,0,0,65,0,1,1,1,20,1,4,1,3,1,1,0,1,2,2
5,0,0,25,0,3,2,2,16,1,5,0,0,3,2,1,4,2,2
1,2,8,76,29,4,1,1,22,4,6,0,0,2,2,0,0,2,2
2,2,5,73,18,1,2,2,19,1,5,0,0,3,1,2,2,0,0
1,2,5,34,23,4,2,1,24,2,6,3,1,1,1,2,2,0,0
1,2,2,51,21,1,1,2,20,1,6,0,0,1,1,0,1,2,2
1,2,3,78,23,1,2,1,14,2,6,3,2,1,2,2,2,1,1
1,1,3,53,21,1,1,2,19,1,2,1,3,1,2,0,2,2,2
1,2,7,83,21,0,1,2,15,0,8,0,0,2,8,0,0,2,2
5,0,1,58,23,0,2,2,10,0,6,1,3,3,1,2,0,2,2
2,2,4,73,20,0,1,2,98,1,4,2,2,3,3,2,0,0,0
2,2,4,83,29,1,2,1,2,1,7,2,2,2,1,2,0,0,0
4,0,8,86,21,1,1,2,14,1,4,0,0,2,1,0,0,2,2
2,2,0,70,0,1,2,3,14,1,4,1,2,3,3,1,0,2,2
5,0,0,31,0,3,2,2,21,1,2,1,3,1,1,8,2,0,0
5,0,0,24,0,3,2,2,20,1,3,1,3,2,1,1,0,2,2
5,0,0,42,0,2,1,1,17,1,2,0,0,2,1,1,1,0,0
1,1,0,34,0,4,2,1,26,1,2,0,0,1,9,1,1,2,2
3,0,3,70,29,4,2,1,27,8,4,3,3,2,1,2,0,0,0
5,0,2,37,19,1,2,1,19,1,1,0,0,1,8,1,2,0,0
1,2,2,70,51,4,1,1,25,2,7,0,0,3,2,0,0,1,1
1,2,2,71,24,1,1,1,21,0,4,2,2,2,1,0,0,1,1
5,0,0,26,0,4,2,1,18,1,5,0,0,2,3,2,3,0,0
1,1,4,54,29,4,1,1,26,1,3,0,0,1,1,2,1,2,2
1,2,2,40,36,3,2,1,26,1,3,1,3,2,1,1,1,2,2
3,0,0,56,0,3,2,1,26,2,6,0,0,1,3,1,2,0,0
2,1,3,60,31,4,1,1,24,2,6,0,0,1,3,2,1,2,2
1,2,0,72,0,3,1,1,26,1,8,0,0,1,1,0,9,2,2
1,2,2,35,29,3,2,2,26,1,5,1,2,2,1,2,2,2,2
1,2,4,55,33,4,1,1,26,2,6,0,0,1,3,2,2,0,0
1,2,3,28,23,2,2,2,21,1,2,2,2,2,2,0,0,2,2
3,0,5,77,20,1,2,1,8,1,4,0,0,2,2,1,0,2,2
5,0,2,30,15,1,2,2,27,0,4,2,2,2,2,2,2,0,0
2,1,3,67,18,1,2,1,11,1,4,0,0,2,1,0,0,2,2
5,0,0,53,0,1,2,2,11,0,4,0,0,1,2,0,0,2,2
1,2,4,37,19,1,2,2,18,1,5,1,2,1,2,1,3,2,2
1,1,1,51,23,4,2,2,26,9,4,1,1,1,1,2,1,0,0
1,2,8,35,19,1,2,2,14,1,4,0,0,3,2,0,0,2,2
1,2,2,60,30,4,2,1,26,2,4,1,3,2,1,8,0,1,2
1,2,1,68,29,4,1,3,23,1,4,0,0,2,2,0,0,2,2
1,2,2,43,30,4,1,1,26,1,2,1,2,2,2,0,2,2,2
1,2,6,36,19,1,2,3,20,1,4,1,2,2,1,2,1,2,2
5,0,2,34,18,0,2,2,10,1,6,0,0,3,3,1,3,2,2
1,2,3,39,27,4,1,2,24,1,6,0,0,1,1,2,1,0,0
5,0,1,52,36,2,1,1,21,2,5,0,0,2,2,0,2,1,1
4,0,0,70,0,1,1,1,22,2,6,1,2,2,2,8,2,1,2
1,1,4,60,25,1,1,1,27,2,7,0,0,1,2,2,0,0,0
1,1,2,61,20,1,2,1,21,9,4,2,2,2,1,0,1,3,3
1,2,2,32,24,1,2,1,19,2,4,3,2,3,3,1,3,0,0
4,0,3,40,28,3,2,1,18,2,5,1,2,1,1,0,2,2,2
3,0,2,44,32,2,1,1,26,2,5,0,0,1,3,1,2,1,1
3,0,1,67,20,0,2,2,27,1,4,1,2,1,2,2,2,2,2
5,0,0,70,0,4,2,1,24,1,2,1,3,1,1,0,1,2,2
5,0,0,27,0,3,2,1,21,1,3,0,0,8,1,1,2,2,2
1,2,0,30,0,4,2,1,26,0,5,2,2,2,2,1,1,0,0
1,2,2,61,28,1,1,1,26,4,4,0,0,2,2,0,1,2,2
5,0,0,30,0,3,1,1,26,0,5,1,2,2,2,0,2,2,2
1,2,0,38,0,3,1,1,26,1,2,0,0,2,2,1,1,2,2
5,0,0,27,0,3,2,1,26,1,2,1,3,1,1,0,2,2,2
1,2,4,67,25,2,2,1,27,1,5,1,1,1,1,1,0,0,0
4,0,2,45,24,3,1,1,23,2,5,2,1,1,1,0,2,1,1
1,2,0,68,0,2,2,1,22,1,4,0,0,2,1,1,0,1,1
5,0,0,18,0,1,2,1,19,0,2,1,2,1,1,1,2,0,0
2,2,2,77,25,1,2,1,26,2,4,0,0,1,3,0,0,3,3
2,2,3,78,25,3,2,1,23,2,5,1,1,1,1,0,2,1,1
1,2,2,61,28,3,2,1,24,1,2,1,2,1,1,1,9,0,0
1,2,2,72,38,1,1,1,22,0,4,2,1,1,1,1,1,0,0
2,2,5,89,98,1,2,1,98,1,8,8,8,8,8,8,1,2,2
2,1,3,75,33,3,2,1,22,1,2,1,3,1,1,0,0,2,2
1,2,1,48,40,3,1,3,21,1,2,0,0,2,1,2,1,2,2
1,2,3,48,31,4,2,1,26,1,2,0,0,1,1,0,2,2,2
5,0,0,41,0,3,2,1,20,1,1,0,0,1,1,0,1,2,2
5,0,0,30,0,3,2,1,20,3,4,0,0,2,1,1,3,0,0
5,0,0,29,0,4,2,1,17,3,4,2,3,1,1,0,3,2,2
1,2,0,38,0,2,1,2,27,2,3,0,0,1,1,2,1,2,2
2,2,7,76,21,1,2,2,98,1,8,2,2,2,8,2,0,0,0
3,0,2,55,18,1,2,3,17,9,4,1,1,8,8,8,2,2,2
5,0,0,28,0,4,1,1,10,1,3,0,0,1,1,1,1,0,0
5,0,0,18,0,0,2,2,98,0,9,1,1,2,1,0,3,2,2
5,0,0,24,0,4,2,3,7,0,1,0,0,2,1,1,1,2,2
1,2,0,34,0,0,1,1,25,1,2,0,0,1,1,0,2,2,2
1,2,3,77,24,1,2,1,26,3,6,1,1,1,1,8,1,1,1
5,0,0,89,0,1,1,1,15,2,6,0,0,2,1,2,0,0,0
1,2,2,69,28,4,1,1,23,1,1,1,3,1,1,1,1,0,0
3,0,2,70,21,1,1,1,19,1,4,0,0,1,1,0,0,1,2
1,2,4,71,33,3,2,1,25,2,4,2,2,2,2,0,0,2,2
5,0,0,34,0,3,1,1,15,1,3,1,3,2,1,1,3,0,0
5,0,0,77,0,1,2,3,98,0,5,0,0,2,1,2,0,0,0
5,0,0,20,0,1,2,1,98,0,8,2,8,8,1,1,1,2,2
1,2,2,38,20,0,2,1,4,0,1,0,0,1,1,2,2,0,0
5,0,4,29,19,1,2,1,18,0,4,1,1,1,2,0,2,2,2
1,1,2,69,22,1,1,1,18,2,6,2,2,1,2,2,0,0,0
5,0,4,36,14,1,2,1,11,1,6,0,0,2,2,0,1,2,2
1,2,3,43,28,1,2,3,27,9,6,0,0,1,1,2,2,0,0
3,0,3,64,16,1,2,1,8,0,2,1,1,1,1,1,0,0,0
1,1,3,53,32,1,1,1,21,2,5,1,2,2,2,0,1,1,9
1,2,2,69,22,1,2,1,27,8,6,2,2,1,2,2,0,0,0
3,0,3,39,20,1,2,1,13,1,4,0,0,3,2,0,4,2,2
1,2,2,57,23,1,1,1,27,2,4,2,2,2,2,0,1,2,2
1,2,1,63,32,2,2,1,24,2,6,1,1,1,1,2,1,0,0
5,0,1,75,39,0,2,1,98,0,8,0,0,1,8,2,0,0,0
1,2,2,32,26,3,1,1,26,1,4,1,3,1,1,0,1,2,2
4,0,2,46,19,1,1,1,21,2,4,0,0,2,2,1,2,2,2
3,0,3,41,23,1,1,1,18,0,4,2,2,2,2,1,1,1,1
1,1,3,99,23,2,2,3,19,1,4,0,0,1,1,2,1,0,0
3,0,2,49,25,3,2,1,19,0,3,1,2,2,1,0,3,2,2
1,2,2,65,23,2,1,1,14,2,7,1,2,2,1,1,0,0,0
1,2,1,59,17,2,2,1,24,1,3,1,2,2,1,1,1,2,2
3,0,2,47,17,1,1,1,20,2,4,0,0,2,2,1,2,0,0
5,0,1,27,21,1,2,3,98,9,4,0,0,1,1,1,2,2,2
1,1,2,57,18,1,2,1,18,0,9,2,3,3,3,1,1,0,0
1,1,1,74,32,4,2,1,24,2,5,2,2,2,2,1,1,2,2
1,2,2,51,28,4,2,1,3,2,6,1,1,1,1,2,1,0,0
1,2,2,44,35,4,1,3,26,1,2,0,0,1,1,0,2,2,2
3,0,0,46,0,3,2,1,26,1,1,0,0,1,1,1,2,0,0
1,2,3,42,18,1,2,3,23,0,4,1,3,1,3,0,1,2,2
3,0,2,65,27,3,2,1,25,1,6,0,0,1,1,2,1,2,2
1,2,2,36,31,3,1,1,26,3,5,1,3,3,3,1,1,1,1
2,2,5,80,20,4,2,1,23,1,4,0,0,2,1,2,0,0,0
1,2,0,32,0,3,2,3,17,0,2,0,0,2,1,8,2,0,0
2,2,3,89,98,0,1,1,98,1,2,2,2,2,2,0,0,2,2
1,2,2,40,31,3,2,3,27,4,4,0,0,1,1,0,9,2,2
2,2,0,88,0,0,2,1,23,1,2,1,3,2,1,0,0,2,2
1,2,2,59,35,3,2,1,26,2,6,0,0,1,1,2,1,1,1
1,1,2,55,31,4,2,1,26,2,4,3,2,3,3,2,1,0,0
5,0,0,31,0,1,2,2,17,0,4,1,3,1,1,1,1,2,2
1,2,0,31,0,4,1,3,14,0,2,0,0,3,1,2,2,2,2
1,2,1,35,21,3,2,1,21,1,4,1,3,2,1,8,1,2,2
5,0,0,32,0,3,2,3,27,1,2,0,0,1,1,1,0,0,0
1,2,5,48,23,1,2,3,19,1,2,1,2,2,1,0,1,2,2
1,2,1,24,18,1,2,2,22,0,8,0,0,1,3,1,2,2,2
5,0,0,22,0,1,1,3,23,1,4,2,2,2,1,1,1,0,0
5,0,1,37,30,1,2,3,16,0,6,2,3,2,1,2,3,2,2
5,0,0,34,0,3,2,2,25,1,2,1,3,2,1,0,2,2,2
2,2,1,89,33,1,2,1,27,1,4,0,0,3,8,8,0,2,2
5,0,5,55,15,0,2,2,98,0,8,3,1,1,3,1,9,0,0
5,0,4,46,18,1,1,2,22,1,3,0,0,3,1,0,2,2,2
1,2,0,29,0,3,2,1,19,0,2,1,2,2,1,1,1,2,2
2,1,4,83,19,0,2,3,20,0,3,0,0,2,1,2,0,0,0
5,0,0,33,0,3,2,1,26,1,3,0,0,1,1,1,1,2,2
3,0,3,46,20,4,2,2,23,1,2,0,0,1,1,0,1,2,2
5,0,0,19,0,1,1,3,20,0,3,1,3,1,1,0,0,2,2
4,0,5,65,21,3,1,2,19,1,4,0,0,1,1,1,0,1,1
1,2,1,37,33,1,2,3,26,0,1,2,2,2,1,2,0,2,2
1,2,2,64,30,1,2,1,21,2,6,0,0,8,2,0,0,2,2
1,2,0,22,0,2,2,1,15,0,5,0,0,2,2,2,2,0,0
1,2,0,28,0,3,1,1,23,3,2,0,0,1,1,1,1,2,2
5,0,0,24,0,3,2,3,16,0,5,1,2,2,2,1,2,1,1
1,2,0,43,0,2,1,1,25,9,4,0,0,1,1,1,1,1,2
5,0,1,32,28,3,1,1,20,1,2,1,3,2,1,1,2,0,0
1,2,3,76,20,3,2,1,26,1,4,1,2,1,2,0,0,2,2
5,0,0,21,0,1,2,1,23,0,4,2,2,8,8,1,2,2,2
1,2,2,48,28,2,2,3,25,2,4,0,0,1,1,2,2,0,0
1,2,2,76,25,1,1,1,27,1,5,0,0,1,1,1,0,0,0
1,2,0,55,0,3,2,1,26,0,5,1,3,8,2,0,2,1,1
3,0,1,70,30,1,2,1,16,8,5,2,1,1,2,1,2,0,0
3,0,3,66,29,4,2,1,17,1,1,0,0,1,1,0,0,2,2
3,0,1,37,32,4,2,3,20,0,4,1,3,2,2,2,1,2,2
1,2,2,70,35,4,2,1,23,1,2,1,2,2,2,0,0,1,1
1,2,0,43,0,4,1,1,24,0,3,0,0,2,1,2,1,2,2
5,0,1,19,17,0,2,3,8,0,8,1,1,1,8,1,0,2,2
1,2,3,70,23,1,1,1,23,4,4,0,0,2,2,2,0,0,0
1,2,0,40,0,4,2,1,22,0,2,0,0,2,2,1,1,1,1
1,2,2,59,25,3,1,3,18,0,3,1,3,1,1,2,1,0,0
1,2,3,70,21,1,2,1,23,2,4,0,0,1,1,0,0,1,1
5,0,0,31,0,1,1,1,22,0,3,1,3,1,1,1,2,2,2
5,0,0,51,0,4,2,3,21,2,5,0,0,2,1,2,2,0,0
1,2,0,32,0,1,2,2,19,1,1,1,3,1,1,1,1,0,0
1,2,2,60,15,1,2,1,27,9,4,0,0,1,1,0,3,1,1
5,0,0,27,0,1,1,1,22,0,4,2,2,2,2,1,2,1,1
2,2,2,89,23,3,1,1,24,2,6,2,1,1,2,0,0,3,3
3,0,5,50,19,1,2,2,14,1,5,0,0,1,2,1,1,1,1
5,0,6,44,15,3,2,2,20,1,5,0,0,1,1,0,2,2,2
2,1,4,85,17,1,2,1,16,1,4,0,0,2,2,2,0,0,0
1,2,3,33,17,0,1,1,19,0,3,1,3,2,2,1,1,0,0
5,0,1,31,20,1,2,1,27,1,3,1,8,1,1,2,9,2,2
1,2,2,46,20,3,2,1,26,1,6,0,0,2,1,2,1,0,0
1,2,3,72,35,4,1,1,26,1,1,0,0,1,1,8,1,2,2
3,0,2,50,32,4,2,1,26,1,2,1,2,2,1,1,2,2,2
1,1,2,66,30,4,1,1,26,2,6,0,0,8,1,2,0,1,1
5,0,0,35,0,3,2,1,18,2,7,1,2,1,1,1,1,2,2
5,0,2,35,18,0,2,2,11,0,4,1,2,2,2,0,1,2,2
5,0,1,33,19,1,2,2,18,0,4,0,0,2,2,1,1,2,2
4,0,5,66,18,0,2,1,3,0,2,0,0,2,3,2,0,2,2
1,1,5,53,18,0,1,1,16,0,5,1,1,3,2,1,1,0,0
1,1,4,37,20,3,2,2,21,9,9,3,3,1,1,0,2,2,2
1,2,0,33,0,1,1,1,21,0,4,1,3,1,1,1,2,0,0
1,2,2,28,20,3,1,2,22,3,3,0,0,1,2,0,1,1,1
1,2,1,30,29,3,2,1,22,2,5,3,2,2,2,1,2,1,1
1,2,1,37,33,1,1,1,22,2,6,0,0,2,2,1,2,1,1
1,2,0,38,0,1,1,3,25,1,2,1,2,1,1,1,1,0,0
1,2,2,84,20,1,1,1,18,2,3,2,3,3,2,2,0,1,1
1,2,2,66,40,4,1,1,24,3,5,0,0,2,1,2,1,0,0
1,2,0,29,0,3,2,3,22,1,4,1,3,1,1,0,1,2,2
1,1,1,39,38,4,1,1,26,0,2,0,0,1,1,1,2,1,1
1,2,2,33,30,3,2,2,25,1,4,1,2,8,1,2,3,0,0
2,2,0,68,0,4,2,3,20,1,4,2,3,1,1,2,1,2,2
1,1,2,70,35,3,2,1,27,2,5,1,2,1,1,0,1,1,1
1,2,2,50,27,3,1,1,15,0,4,0,0,2,1,0,1,2,2
1,2,2,54,28,3,1,1,25,1,4,1,3,2,2,0,2,1,1
1,2,2,45,42,3,1,1,26,2,5,0,0,2,3,0,2,1,2
1,1,1,48,30,1,2,1,26,9,4,1,3,1,3,8,2,1,1
1,2,2,73,27,3,1,1,23,2,4,0,0,1,2,2,0,2,2
1,2,1,77,28,3,2,1,16,1,2,0,0,1,1,0,0,2,2
2,1,1,59,24,3,2,1,23,1,4,8,3,2,2,1,1,2,2
1,2,2,72,30,1,1,1,19,2,3,0,0,2,2,1,0,0,0
1,1,6,68,34,3,1,1,21,2,6,0,0,2,1,2,0,1,1
1,2,1,60,19,1,2,1,20,2,5,1,1,1,1,2,1,0,0
1,1,3,63,20,1,1,1,23,2,7,0,0,2,2,2,1,0,0
5,0,0,45,0,1,1,1,11,0,4,1,3,1,1,0,3,1,1
1,2,4,35,23,1,2,1,26,0,5,0,0,2,1,1,1,1,1
5,0,2,22,17,1,2,1,13,0,9,2,2,8,1,1,2,0,0
1,1,3,36,20,1,2,1,27,0,4,0,0,3,1,0,1,1,1
2,2,4,76,19,1,2,1,8,2,4,0,0,8,3,1,2,0,0
1,2,2,61,20,1,2,1,20,0,5,1,2,1,2,0,3,1,1
3,0,1,56,45,1,2,1,19,0,4,0,0,1,2,1,2,2,2
5,0,0,26,0,1,2,2,3,1,5,0,0,2,2,0,2,2,2
3,0,6,59,21,1,1,2,10,1,3,2,3,3,3,2,9,0,0
5,0,1,55,20,1,1,2,18,0,3,0,0,1,1,2,2,0,0
1,2,2,57,28,4,1,1,23,2,6,0,0,2,1,1,1,1,1
1,1,3,59,15,1,2,1,26,2,3,0,0,1,2,0,0,1,1
1,2,0,33,0,1,2,1,14,0,7,8,3,8,1,2,1,1,8
2,2,6,75,16,0,2,3,1,1,8,0,0,8,8,2,1,0,0
1,2,2,61,25,3,1,1,26,2,6,1,2,1,1,0,2,1,2
1,2,3,39,27,1,2,1,19,2,4,0,0,2,2,9,2,1,1
1,2,2,38,27,1,2,1,20,0,4,0,0,2,8,0,2,1,8
3,0,2,49,31,4,2,1,22,1,2,2,2,2,2,1,1,2,2
1,1,2,71,23,3,1,1,26,2,4,0,0,1,1,1,0,0,0
5,0,0,47,0,3,1,2,22,1,4,1,2,2,1,0,1,1,1
1,1,4,52,21,1,1,3,26,0,4,0,0,1,1,1,1,2,2
3,0,2,35,19,2,2,1,23,0,2,1,1,2,2,2,1,0,0
1,2,2,54,24,1,2,1,18,0,3,2,1,2,2,1,2,1,1
1,1,3,39,16,1,2,1,13,2,4,1,1,3,2,0,0,2,2
5,0,2,70,19,0,1,2,11,0,5,0,0,2,2,0,0,1,2
2,2,4,78,21,0,2,2,1,1,5,0,0,2,1,0,1,2,2
3,0,2,74,27,4,2,1,22,4,3,1,2,2,2,0,0,2,2
1,2,2,65,32,3,1,1,20,0,4,0,0,2,1,0,1,1,2
3,0,1,61,34,1,1,1,26,1,2,1,2,2,1,1,1,0,0
1,2,2,53,26,3,2,1,25,2,4,1,1,1,2,0,1,2,2
5,0,0,21,0,1,2,3,21,1,4,0,0,1,1,1,1,2,2
1,2,2,41,32,3,2,1,20,8,4,1,2,2,1,2,1,0,0
1,1,4,62,28,2,2,1,20,2,6,0,0,3,3,0,1,2,2
1,2,3,71,21,3,1,1,26,2,6,0,0,3,2,2,0,0,0
2,2,2,89,25,3,1,1,14,1,4,0,0,2,1,1,0,2,2
1,2,3,66,35,3,1,1,24,1,3,0,0,2,1,1,1,0,0
5,0,0,28,0,4,1,1,25,1,2,0,0,1,1,1,2,2,2
2,2,2,85,26,4,2,1,20,1,4,1,3,1,2,8,0,0,0
1,1,2,70,21,1,1,1,23,1,4,1,1,2,1,8,1,0,0
5,0,0,29,0,3,2,3,20,0,8,2,2,2,2,0,1,2,2
1,2,2,39,27,3,1,3,21,0,4,0,0,1,1,0,1,2,2
5,0,0,28,0,1,1,1,20,1,3,1,3,1,1,1,2,2,2
2,2,2,74,28,3,2,1,19,1,2,0,0,1,2,8,2,2,2
1,2,2,53,31,3,2,1,25,0,5,1,3,2,2,8,2,0,0
3,0,2,66,34,4,1,1,20,1,1,0,0,1,1,0,0,2,2
1,2,3,67,29,3,1,1,26,2,4,0,0,2,3,1,2,0,0
1,2,0,99,0,3,2,3,27,9,9,1,1,2,2,8,1,0,0
5,0,0,28,0,4,2,1,16,1,2,1,3,1,1,1,2,0,0
5,0,0,23,0,3,2,1,16,0,4,1,2,3,2,1,2,2,2
1,2,0,37,0,4,1,1,23,1,1,0,0,1,1,1,1,0,0
5,0,0,27,0,1,1,2,20,1,4,0,0,1,1,1,3,2,2
5,0,3,32,21,2,2,2,9,1,2,1,3,1,1,1,2,2,2
3,0,6,40,17,1,2,2,11,1,4,0,0,1,2,0,4,2,2
5,0,0,22,0,3,2,1,20,0,3,2,3,3,2,1,0,2,2
4,0,1,38,37,1,1,2,12,1,3,0,0,1,1,1,2,2,2
5,0,3,45,20,1,2,2,16,1,2,2,2,2,1,8,1,0,0
3,0,1,63,38,1,1,1,11,2,5,0,0,2,2,0,0,1,2
5,0,0,30,0,4,2,1,19,1,2,0,0,1,1,1,4,0,0
5,0,0,25,0,1,1,1,9,0,4,1,3,1,1,0,3,2,2
3,0,1,44,37,1,2,3,18,0,4,1,1,2,3,2,2,2,2
5,0,1,56,24,1,1,1,14,0,6,2,3,1,2,1,2,0,0
1,2,2,45,30,1,2,1,21,1,4,1,2,1,1,1,2,2,2
5,0,3,27,19,0,2,3,9,0,2,0,0,3,3,1,1,0,0
1,2,2,53,43,3,1,3,18,0,4,0,0,3,1,1,1,0,0
2,2,1,66,36,2,2,2,15,1,5,1,1,1,3,1,1,0,0
3,0,3,48,21,3,2,2,22,1,3,0,0,2,2,0,1,2,2
1,2,2,50,30,1,2,2,22,1,4,0,0,1,2,2,2,0,0
5,0,0,18,0,0,2,3,98,0,4,1,1,2,8,1,1,0,0
5,0,1,51,33,3,1,2,14,1,1,1,3,1,1,1,1,2,2
3,0,4,63,19,1,2,2,20,9,3,0,0,1,3,1,1,0,0
1,2,3,57,23,1,2,2,20,1,4,0,0,2,3,2,1,2,2
2,1,3,68,24,3,1,2,14,1,5,2,1,2,2,1,0,0,0
1,1,1,64,27,1,1,1,22,2,6,0,0,2,3,2,1,0,0
5,0,1,26,25,1,1,3,18,0,3,2,1,2,2,0,2,1,1
1,1,0,58,0,2,2,1,26,2,6,0,0,2,1,2,1,1,1
1,1,1,53,30,4,2,2,26,1,3,1,2,2,1,1,1,0,0
5,0,0,28,0,1,1,3,11,0,5,0,0,3,2,2,2,0,0
1,2,1,30,27,0,2,1,15,4,1,1,1,2,1,0,2,2,2
1,2,1,53,28,2,1,1,22,2,6,1,2,2,2,2,0,0,0
1,2,3,56,26,1,1,1,20,2,6,0,0,2,1,2,1,0,0
5,0,0,20,0,1,1,1,8,0,4,1,2,1,1,0,0,1,2
5,0,0,64,0,3,2,1,26,1,4,1,3,1,1,1,4,0,0
5,0,2,40,22,1,1,3,17,0,6,1,3,3,1,0,2,2,2
1,2,4,64,21,1,2,3,15,1,3,2,3,3,2,2,2,0,0
1,1,3,39,18,1,2,1,20,0,4,0,0,2,2,0,1,2,2
1,2,3,42,22,0,2,1,6,0,6,1,3,1,3,2,1,2,2
5,0,0,22,0,0,1,3,98,0,1,2,2,2,2,0,1,1,2
1,2,6,51,18,0,1,3,11,0,6,0,0,2,2,0,3,2,2
3,0,5,40,19,0,2,3,16,0,4,2,2,2,1,2,1,2,2
3,0,2,40,21,0,1,3,23,0,4,2,2,2,1,0,1,1,1
1,2,1,24,22,1,2,1,20,0,5,1,2,1,2,2,1,0,0
5,0,3,27,17,0,2,1,5,0,2,2,1,3,3,2,2,0,0
1,2,2,34,26,0,2,3,13,0,7,1,3,2,3,2,1,2,2
5,0,0,24,0,1,2,3,8,0,4,0,0,2,2,2,8,2,2
1,2,2,34,28,1,2,3,4,0,2,2,2,2,1,2,1,0,0
1,2,2,44,27,3,2,3,12,0,4,2,3,2,2,2,2,2,2
2,2,4,80,19,1,2,1,16,2,4,0,0,2,2,2,1,0,0
1,1,2,61,35,3,2,1,26,2,6,2,1,2,1,2,1,0,0
3,0,3,39,17,1,2,2,23,1,3,0,0,1,2,0,3,2,2
5,0,1,41,40,4,2,1,22,3,5,0,0,2,2,8,1,0,0
1,2,2,34,22,1,1,3,21,0,4,0,0,2,2,0,1,2,2
1,2,3,70,19,4,2,1,98,2,6,3,1,8,1,0,0,8,0
4,0,3,49,28,1,2,1,23,1,4,0,0,1,1,1,1,2,2
1,2,1,59,40,4,2,3,27,9,6,1,2,2,1,2,0,0,0
5,0,1,31,30,4,2,2,17,0,4,3,3,2,1,1,1,2,2
4,0,1,77,29,3,1,1,19,2,5,1,1,1,1,0,0,2,2
3,0,3,40,25,3,2,1,98,0,8,0,0,8,1,0,2,8,0
1,1,1,53,25,4,2,2,27,9,8,1,1,1,8,2,2,2,2
5,0,3,29,20,1,2,2,12,0,4,0,0,1,8,2,3,0,0
5,0,1,39,16,1,2,2,17,1,1,0,0,3,3,1,3,1,1
5,0,1,27,24,1,2,2,17,1,4,1,2,2,2,1,1,0,0
3,0,3,62,50,4,1,2,21,1,4,0,0,2,2,0,1,2,2
4,0,4,48,19,1,2,2,9,0,3,8,1,1,1,2,2,2,2
1,2,1,28,20,1,2,3,20,0,4,0,0,2,1,1,1,0,0
1,2,6,47,29,1,1,2,10,1,2,1,2,1,1,0,2,1,1
5,0,1,42,21,1,2,2,17,1,6,1,3,2,2,1,2,0,0
1,1,3,38,21,1,2,1,23,0,6,0,0,1,2,1,2,0,0
1,2,1,53,37,3,1,1,22,3,4,0,0,2,2,0,2,1,1
3,0,4,40,18,1,1,2,20,1,2,1,2,1,1,1,2,1,1
1,2,2,57,27,2,1,1,26,2,6,0,0,2,3,2,1,0,0
1,1,1,51,46,1,1,1,19,0,3,1,2,2,1,0,1,1,1
4,0,2,60,23,2,2,1,10,1,1,0,0,1,1,1,0,1,2
3,0,0,55,0,4,2,1,23,2,6,3,1,2,2,1,1,0,0
1,2,3,40,17,1,2,1,26,2,6,0,0,2,1,0,2,1,1
1,2,2,25,23,0,1,1,98,0,8,0,0,3,3,2,2,0,0
5,0,0,19,0,0,2,3,12,0,4,2,1,2,2,2,2,0,0
5,0,0,46,0,0,1,3,13,0,3,0,0,2,3,0,2,2,2
3,0,5,60,15,0,2,2,9,1,6,0,0,2,2,1,0,0,0
5,0,2,22,19,1,2,3,4,0,4,1,1,1,1,0,2,2,2
5,0,0,29,0,4,2,2,19,1,2,0,0,3,1,0,2,2,2
5,0,0,28,0,3,1,2,16,3,1,0,0,2,1,1,3,2,2
5,0,2,36,18,1,2,2,10,0,6,1,2,3,2,1,2,0,0
1,2,2,29,24,3,2,1,16,0,4,1,3,1,2,1,1,1,1
1,2,2,40,23,1,1,2,18,1,3,0,0,3,3,1,1,0,0
1,2,0,47,0,1,1,1,21,2,4,0,0,8,3,1,2,2,2
5,0,1,99,99,1,2,2,21,3,4,8,1,1,8,1,9,0,0
3,0,2,51,26,1,1,2,16,1,3,0,0,1,1,0,1,2,2
5,0,0,63,0,1,1,1,11,0,3,2,2,1,1,1,2,2,2
5,0,0,33,0,1,1,2,19,1,4,1,3,2,1,0,2,2,2
1,1,2,47,24,1,2,2,19,1,4,0,0,2,2,2,4,2,2
1,2,1,26,22,1,2,3,22,2,5,2,1,2,2,0,1,1,1
1,1,2,68,28,3,1,2,20,1,2,0,0,3,1,0,2,1,1
1,1,1,36,25,3,2,2,22,1,4,1,1,2,1,2,3,1,1
5,0,0,34,0,2,1,1,22,2,4,0,0,1,1,2,1,0,0
5,0,0,30,0,3,2,2,26,1,4,0,0,1,1,1,2,1,1
1,1,2,71,21,1,2,1,25,1,3,1,2,1,1,1,0,0,0
5,0,0,28,0,1,2,1,22,1,6,3,2,2,1,2,1,2,2
1,2,2,65,22,3,1,2,20,1,2,0,0,1,1,1,2,0,0
1,2,4,49,22,1,1,1,26,2,7,0,0,2,3,1,1,1,1
3,0,1,32,21,1,1,1,14,0,4,1,8,2,1,1,3,0,0
5,0,0,21,0,1,2,1,4,0,2,0,0,1,2,0,2,2,2
1,2,2,38,28,2,2,1,19,2,6,3,1,3,2,0,2,1,1
5,0,0,22,0,1,1,1,20,3,4,1,3,1,1,1,2,1,1
3,0,3,50,21,1,1,2,19,1,3,1,2,1,1,0,1,1,1
1,1,4,86,24,1,1,2,9,1,5,2,1,1,1,2,0,0,0
1,2,4,59,19,1,2,3,17,0,8,0,0,2,1,2,4,0,0
3,0,0,28,0,2,2,2,17,4,8,2,3,3,8,0,0,2,2
1,2,2,54,20,1,1,2,21,1,4,0,0,2,2,1,2,2,2
1,2,0,71,0,3,2,2,20,1,4,9,8,8,8,2,1,0,0
1,2,2,58,21,2,2,2,25,1,4,0,0,1,1,0,3,1,1
2,2,2,88,22,0,2,1,98,0,8,0,0,2,2,2,0,0,0
1,2,2,34,26,1,1,1,24,0,4,0,0,2,2,8,1,1,1
5,0,4,52,32,1,2,1,11,1,6,1,1,2,1,1,3,1,1
1,2,2,71,27,0,2,1,98,0,4,2,2,1,2,0,0,2,2
1,2,1,21,18,1,2,3,98,0,4,2,8,2,2,0,2,2,2
5,0,2,23,20,1,1,2,8,0,4,0,0,3,1,1,2,2,2
2,2,0,82,0,1,1,2,2,1,1,1,3,2,1,0,0,1,1
1,2,3,34,26,1,1,2,18,0,4,0,0,2,1,1,2,2,2
3,0,3,32,26,1,2,2,14,1,8,2,1,2,3,1,4,0,0
3,0,0,43,0,4,2,2,18,0,4,0,0,1,1,0,4,2,2
2,2,2,75,21,1,2,2,16,0,4,1,2,2,2,0,2,2,2
1,2,1,46,30,1,1,1,18,0,5,2,1,1,1,2,1,0,0
5,0,0,33,0,1,1,3,16,0,6,0,0,2,2,0,2,2,2
3,0,4,79,18,0,2,3,9,2,6,0,0,1,1,2,0,0,0
3,0,2,50,25,1,2,1,98,0,7,0,0,2,8,2,2,2,2
3,0,4,40,19,3,2,1,22,0,4,2,1,3,2,2,2,2,2
2,2,6,89,22,0,2,2,3,1,8,0,0,1,8,2,0,2,2
1,2,3,65,24,1,1,3,19,0,6,2,2,2,1,2,1,0,0
3,0,2,69,19,1,2,2,16,1,5,8,1,2,1,2,0,2,2
3,0,3,73,18,1,1,2,15,1,5,0,0,1,1,2,0,0,0
5,0,2,53,21,0,2,1,27,0,2,0,0,2,2,0,3,2,2
1,2,1,46,29,2,2,1,22,2,6,1,2,2,2,8,2,1,2
3,0,1,56,23,1,2,1,21,0,4,0,0,1,1,0,1,2,2
1,1,5,71,25,1,1,1,25,2,6,0,0,3,1,2,1,0,0
5,0,0,33,0,1,1,1,21,0,4,0,0,2,1,0,2,2,2
3,0,1,68,34,1,2,1,27,1,2,0,0,1,1,8,0,0,0
2,1,4,89,19,1,2,1,16,1,4,1,2,2,2,0,0,2,2
5,0,0,19,0,0,1,1,9,0,8,1,2,8,2,0,2,2,2
5,0,0,26,0,3,1,2,98,0,6,0,0,2,2,1,1,2,2
3,0,0,28,0,4,2,1,17,0,4,1,3,1,1,0,2,2,2
3,0,2,70,24,1,1,1,7,1,4,0,0,2,2,1,0,2,2
1,2,1,38,29,0,2,2,18,1,1,1,2,2,3,1,2,2,2
1,2,4,39,29,4,1,1,26,2,5,0,0,2,2,8,2,2,2
5,0,0,19,0,1,1,3,25,0,3,1,3,2,1,1,2,2,2
1,2,1,45,34,4,1,1,26,3,4,0,0,2,2,1,1,0,0
1,2,1,47,33,4,2,1,26,1,2,1,3,1,1,0,1,2,2
1,2,2,46,32,4,1,1,25,1,4,0,0,2,1,0,2,2,2
5,0,0,19,0,0,2,1,21,0,4,1,3,8,2,1,9,1,1
3,0,2,48,35,3,2,2,25,1,4,0,0,1,1,2,1,0,0
1,2,3,38,28,1,2,1,26,1,4,0,0,2,1,1,1,2,2
5,0,0,24,0,3,1,2,24,0,1,1,3,1,1,1,2,1,1
5,0,1,54,19,1,2,2,7,1,7,1,8,8,2,0,8,2,2
2,2,3,50,21,2,1,2,13,1,4,1,2,2,1,1,3,0,0
3,0,2,48,28,1,1,2,25,0,3,0,0,1,1,8,2,0,0
5,0,0,25,0,1,1,2,13,1,1,3,2,2,2,0,2,1,1
3,0,3,59,16,1,1,2,19,1,7,1,2,3,2,1,3,2,2
5,0,0,25,0,1,1,2,16,0,4,0,0,1,1,1,2,0,0
1,2,1,28,23,2,2,2,19,0,8,1,1,2,1,0,2,2,2
5,0,2,40,21,1,2,2,11,0,6,0,0,8,1,1,1,2,2
1,2,3,73,20,4,2,1,20,1,2,1,3,1,1,1,0,0,0
1,1,2,50,20,0,1,1,23,0,4,0,0,2,1,0,2,1,2
5,0,0,20,0,1,2,1,22,1,3,1,2,2,2,0,1,1,1
1,2,2,43,28,1,1,1,21,1,4,0,0,1,1,1,2,1,1
1,1,0,68,0,3,2,1,24,2,6,2,1,2,2,2,0,1,2
5,0,0,18,0,1,1,1,24,0,4,0,0,2,1,2,1,1,2
1,2,4,54,28,1,2,2,26,1,2,1,2,1,1,1,1,2,2
3,0,1,71,36,4,2,1,14,0,4,1,2,2,2,2,1,0,0
1,2,0,28,0,1,2,1,18,3,4,1,2,2,1,1,1,2,2
5,0,0,46,0,3,1,2,19,1,4,0,0,2,3,1,1,1,1
1,1,4,47,25,0,1,1,16,1,4,1,2,1,1,1,1,0,0
2,2,0,65,0,1,2,1,19,2,4,1,1,2,2,0,3,1,1
5,0,0,18,0,1,1,1,20,0,4,0,0,1,1,2,2,2,2
1,2,3,57,26,1,2,2,18,1,2,0,0,1,2,0,1,1,1
2,2,1,65,25,3,2,1,11,1,2,0,0,3,1,1,1,0,0
5,0,1,25,20,1,2,2,11,1,4,0,0,1,3,2,2,2,2
5,0,0,30,0,1,1,2,20,0,5,2,2,2,2,2,1,2,2
5,0,2,37,24,1,2,2,20,1,4,1,3,2,2,0,1,2,2
1,2,2,68,23,1,2,1,22,1,4,1,1,1,1,1,0,1,1
3,0,3,47,26,1,1,1,23,1,1,0,0,2,2,1,2,0,0
5,0,0,61,0,0,1,1,10,1,6,1,1,1,8,1,1,0,0
5,0,0,23,0,1,1,3,20,0,4,1,2,2,2,1,3,2,2
5,0,0,27,0,1,1,1,16,3,4,1,2,2,1,0,1,2,2
5,0,0,19,0,1,1,1,22,0,5,0,0,1,1,1,2,1,1
1,2,0,54,0,3,1,1,23,1,1,0,0,1,2,0,1,2,2
1,2,0,34,0,2,2,1,20,1,2,1,3,1,1,1,0,2,2
2,2,3,89,22,4,2,1,19,1,3,1,1,1,2,0,0,2,2
1,2,1,34,33,1,1,3,21,0,4,1,2,2,2,0,2,2,2
1,1,6,64,27,3,1,1,26,2,6,0,0,2,1,2,0,0,0
1,2,2,36,28,3,2,1,24,1,4,1,2,1,1,0,1,2,2
3,0,3,42,28,3,2,1,21,1,4,2,2,1,1,1,1,0,0
1,2,0,44,0,2,2,3,26,0,4,1,3,2,1,8,2,2,2
2,2,2,44,27,1,1,1,26,0,6,2,1,1,1,0,1,1,1
5,0,0,43,0,3,1,1,26,1,3,0,0,1,1,1,1,1,1
2,2,3,77,29,3,2,1,20,3,4,1,3,2,2,0,0,2,2
3,0,2,43,28,1,1,1,27,1,9,0,0,2,1,0,1,1,2
3,0,2,36,24,1,1,1,19,3,4,2,2,1,1,1,2,1,1
5,0,0,30,0,3,1,1,16,0,2,0,0,1,2,1,2,2,2
3,0,3,58,27,3,1,1,23,0,4,1,3,1,1,2,1,0,0
3,0,2,89,21,3,2,1,24,0,5,0,0,2,1,0,0,2,2
5,0,0,62,0,1,1,1,10,0,6,2,8,2,8,0,0,3,3
2,2,1,76,28,1,2,1,10,8,6,0,0,2,1,0,2,2,2
1,2,3,51,24,2,2,1,22,1,1,1,2,1,1,1,1,1,1
5,0,0,27,0,2,2,1,17,0,3,1,3,2,1,1,2,2,2
1,1,0,73,0,1,1,1,17,1,2,0,0,1,1,0,0,1,1
5,0,0,28,0,0,1,1,25,2,4,1,3,1,1,2,1,2,2
1,2,0,34,0,3,1,1,21,1,2,0,0,1,1,1,2,2,2
5,0,6,40,15,1,2,1,11,0,4,2,1,2,2,2,2,0,0
1,2,1,35,28,3,2,1,22,0,4,8,3,8,1,2,1,1,2
2,1,0,70,0,1,1,1,16,0,4,0,0,2,3,2,1,0,0
2,2,3,82,20,1,2,1,16,2,3,0,0,8,1,8,0,2,2
3,0,4,52,25,2,2,1,12,1,2,0,0,2,2,0,2,2,2
3,0,1,56,30,1,1,1,21,0,4,0,0,2,1,1,1,0,0
1,1,0,46,0,1,2,1,20,2,6,1,1,1,2,0,3,1,1
1,2,3,33,18,1,2,1,21,2,6,1,2,2,1,1,1,2,2
5,0,0,23,0,0,2,3,19,0,4,1,2,2,2,0,3,2,2
1,2,2,48,30,1,1,1,24,0,4,0,0,1,1,0,2,1,2
3,0,2,55,35,2,1,1,20,1,3,1,3,2,2,1,3,1,2
3,0,0,56,0,1,2,1,9,1,4,1,3,1,2,0,2,2,2
1,1,2,74,27,3,2,1,26,1,1,0,0,1,1,1,0,1,1
5,0,3,28,20,1,2,1,17,0,5,0,0,2,2,0,1,2,2
1,2,2,24,98,1,2,2,19,0,6,2,2,2,2,2,3,2,2
1,2,2,62,20,3,1,2,19,1,5,0,0,1,1,1,0,0,0
2,2,2,74,26,2,2,2,14,1,2,0,0,1,1,1,1,2,2
5,0,1,24,19,1,2,3,15,0,3,1,2,2,1,1,1,0,0
1,2,0,29,0,1,2,2,17,0,1,0,0,2,1,0,2,2,2
2,2,3,59,18,1,2,1,18,0,3,0,0,1,2,2,1,0,0
5,0,0,73,0,2,1,1,17,1,3,1,1,1,1,0,0,2,2
1,1,6,65,21,0,1,3,14,0,5,0,0,8,8,2,1,1,1
1,2,0,19,0,1,2,1,98,0,4,1,2,2,1,2,1,0,0
5,0,0,22,0,1,2,3,13,0,8,0,0,1,1,0,2,2,2
1,2,3,40,35,3,1,1,20,3,5,0,0,2,8,1,3,0,0
1,1,0,48,0,0,1,3,21,0,2,0,0,2,2,0,2,2,2
1,2,6,61,16,1,1,2,2,1,3,0,0,1,1,1,0,0,0
1,2,3,49,29,4,2,1,26,1,3,2,3,1,1,0,1,2,2
1,2,3,39,18,1,1,3,21,1,3,0,0,2,1,1,2,1,1
4,0,6,45,17,2,2,3,15,3,4,1,2,3,2,1,1,1,1
5,0,0,60,0,1,1,1,10,1,2,0,0,1,1,1,0,0,0
5,0,0,32,0,3,1,1,18,1,3,0,0,1,1,1,1,2,2
5,0,0,39,0,3,1,1,17,3,4,1,3,1,1,1,2,2,2
1,2,3,52,18,3,2,2,20,1,4,1,2,2,2,1,2,0,0
1,2,2,44,30,1,2,3,19,3,4,1,3,1,1,1,2,0,0
3,0,2,59,20,1,2,2,7,1,6,1,1,2,1,1,1,0,0
3,0,6,46,18,1,2,1,13,3,2,2,3,1,1,8,1,2,2
5,0,0,63,0,1,1,1,9,2,6,1,2,1,1,0,2,2,2
5,0,0,26,0,1,1,2,98,1,8,0,0,2,2,8,1,2,2
5,0,0,31,0,1,1,3,7,0,3,2,2,3,2,1,3,0,0
5,0,0,19,0,1,1,2,18,0,4,1,2,2,1,1,2,2,2
5,0,0,40,0,4,2,1,22,3,4,0,0,1,1,1,1,0,0
1,2,3,64,30,1,1,2,19,1,4,0,0,2,2,8,0,1,1
5,0,0,25,0,1,1,1,22,4,4,1,3,1,1,1,0,1,2
1,1,4,56,20,1,1,1,6,0,5,0,0,1,2,1,0,0,0
1,2,2,41,29,2,2,1,20,0,4,0,0,2,1,1,9,2,2
3,0,2,54,26,3,2,2,20,9,2,2,1,2,2,8,1,0,0
4,0,2,40,34,1,1,1,27,2,5,1,2,2,1,0,2,2,2
1,1,2,64,25,3,1,1,26,4,4,0,0,1,2,0,2,2,2
3,0,2,56,26,3,2,1,21,2,5,8,2,8,2,8,2,2,2
2,2,3,71,19,1,2,1,21,0,4,0,0,2,1,1,0,0,0
1,1,0,50,0,3,1,1,26,3,2,0,0,1,1,1,2,2,2
3,0,3,69,32,1,1,1,18,1,3,0,0,1,1,1,0,2,2
5,0,0,49,0,1,1,1,15,2,4,1,1,1,1,2,2,0,0
1,1,2,61,20,1,1,1,26,2,5,0,0,2,1,1,1,0,0
3,0,0,38,0,2,2,1,25,0,4,1,3,1,1,1,1,1,1
1,1,5,74,27,3,1,1,26,1,2,0,0,8,1,2,1,0,0
1,1,4,40,22,1,2,1,26,0,5,1,3,1,1,8,1,0,0
1,2,0,34,0,1,1,3,98,0,9,2,2,1,1,0,1,2,2
3,0,0,41,0,2,1,3,19,0,4,1,2,1,2,1,2,0,0
1,2,0,78,0,0,1,1,20,2,7,0,0,3,2,1,1,0,0
1,2,4,47,22,0,2,3,16,0,6,1,3,3,8,0,2,2,2
5,0,3,50,19,1,2,1,20,1,4,0,0,1,1,1,1,2,2
4,0,3,41,19,1,2,1,13,3,3,1,3,2,1,1,1,0,0
3,0,3,63,22,2,2,1,98,1,4,0,0,1,2,0,1,2,2
1,2,1,56,18,1,1,1,21,2,7,2,2,3,1,2,1,1,2
5,0,0,18,0,1,2,1,20,0,3,1,2,2,1,0,1,2,2
1,1,3,25,18,1,1,3,16,0,4,0,0,1,1,1,2,1,1
1,2,2,55,27,2,2,1,21,1,4,1,3,2,2,1,1,0,0
3,0,2,58,18,1,1,1,98,1,4,0,0,2,2,0,2,1,1
1,2,2,39,28,2,2,1,20,1,4,1,2,2,1,1,2,2,2
1,2,3,42,29,3,2,3,23,0,3,0,0,1,1,2,3,0,0
5,0,1,25,21,1,1,3,19,0,4,0,0,3,8,1,0,2,2
1,1,7,76,19,0,2,1,10,0,3,2,2,2,2,2,0,0,0
3,0,4,53,25,3,2,3,21,9,4,0,0,2,1,0,2,2,2
5,0,0,57,0,1,1,1,20,1,2,1,3,2,1,0,3,2,2
1,2,3,53,25,2,2,1,23,2,4,1,1,2,2,1,1,1,1
1,2,6,63,22,1,1,1,19,2,6,0,0,2,1,0,0,2,2
1,2,2,62,30,3,2,1,98,2,3,3,1,3,2,2,2,1,1
1,1,2,56,23,3,2,2,27,1,9,0,0,2,2,1,3,0,0
3,0,0,70,0,1,1,2,21,1,3,2,3,2,1,2,0,2,2
5,0,0,35,0,3,1,2,26,3,4,0,0,1,1,1,2,0,0
1,2,2,64,35,3,2,1,1,1,3,1,3,1,1,0,1,1,1
1,2,3,32,25,1,1,1,18,1,2,0,0,1,2,1,2,2,2
5,0,0,27,0,3,2,1,22,0,6,1,1,3,2,2,1,1,1
1,1,4,67,18,1,1,2,18,2,6,0,0,1,2,2,1,0,0
1,2,1,27,25,1,2,1,25,2,4,1,3,2,2,0,3,1,1
5,0,0,31,0,1,1,1,2,2,6,2,3,2,1,1,3,2,2
1,2,2,79,27,1,2,1,18,0,6,0,0,2,2,2,0,1,1
3,0,2,41,19,1,2,1,20,2,4,1,1,2,1,1,1,0,0
1,2,2,29,23,1,2,1,18,1,4,0,0,1,1,0,1,2,2
5,0,6,42,16,0,2,2,1,0,4,1,2,2,2,1,2,2,2
2,2,2,89,22,1,2,1,9,1,4,0,0,1,1,2,1,0,0
1,2,4,52,28,3,2,1,26,2,4,2,2,2,1,0,2,2,2
1,2,3,78,30,3,1,1,19,1,1,1,3,1,1,0,0,2,2
1,2,6,77,19,1,1,1,26,2,6,0,0,2,3,1,0,1,2
3,0,0,42,0,3,2,1,26,1,3,1,2,2,1,1,1,0,0
1,1,2,45,29,3,1,1,23,2,6,0,0,2,1,0,2,2,2
1,1,1,64,26,4,2,1,21,1,4,8,3,2,2,2,1,0,0
3,0,1,83,41,1,2,1,9,3,1,0,0,1,1,1,0,0,0
1,2,0,49,0,4,2,1,22,1,2,1,2,8,1,0,1,1,1
1,2,2,31,28,3,2,1,21,2,5,0,0,1,1,8,1,0,0
1,2,2,42,30,3,2,1,20,1,5,2,2,2,2,2,2,0,0
5,0,1,25,22,1,2,1,14,0,2,1,3,3,1,0,1,2,2
1,2,4,47,27,3,1,1,19,2,6,2,2,2,2,2,1,0,0
1,2,3,48,35,2,2,1,24,2,4,0,0,1,1,0,3,1,2
2,2,3,53,21,1,2,1,13,0,4,1,1,2,1,2,1,1,1
3,0,2,57,30,3,1,1,23,2,3,0,0,1,1,1,1,0,0
2,2,2,84,98,1,2,1,13,0,5,1,2,3,8,0,8,2,2
2,2,0,83,0,1,2,1,9,1,4,0,0,1,1,2,0,2,2
2,2,1,68,31,3,2,1,16,1,4,0,0,2,1,1,2,0,0
5,0,0,64,0,1,1,1,11,2,3,0,0,2,2,1,0,2,2
3,0,0,63,0,3,2,1,16,1,2,0,0,2,1,0,2,2,2
2,1,3,70,17,1,2,1,9,1,4,3,2,3,1,1,0,2,2
5,0,0,21,0,1,1,2,17,1,3,0,0,2,2,1,1,2,2
5,0,0,29,0,1,1,2,15,1,4,0,0,3,3,2,2,0,0
3,0,2,56,28,0,1,2,20,0,4,1,3,2,1,0,1,2,2
5,0,0,27,0,1,1,2,16,1,4,0,0,2,1,0,0,2,2
1,1,1,53,32,0,2,1,27,2,6,3,2,2,1,1,1,2,2
1,2,2,68,28,1,1,1,98,8,4,0,0,2,1,1,0,0,0
3,0,2,44,30,1,1,1,22,1,5,1,2,2,1,0,2,2,2
1,2,2,68,28,0,2,1,17,0,4,1,3,3,2,2,0,1,2
5,0,2,39,28,1,1,1,19,0,4,0,0,1,1,1,2,0,0
3,0,0,57,0,1,1,1,16,0,4,2,2,1,2,1,4,2,2
5,0,0,25,0,1,1,2,16,0,7,0,0,3,3,1,1,0,0
5,0,3,42,21,1,2,2,10,1,6,1,3,3,1,0,0,2,2
5,0,0,25,0,1,1,2,1,1,4,0,0,1,2,1,3,2,2
5,0,0,19,0,1,2,2,5,0,2,1,2,2,2,1,2,0,0
5,0,4,66,98,1,2,2,27,9,7,0,0,2,2,0,1,3,3
4,0,2,74,21,2,1,2,16,1,4,1,1,1,1,0,9,1,1
3,0,0,69,0,4,2,3,17,9,9,0,0,1,1,1,0,1,1
5,0,1,26,22,1,2,2,15,0,7,1,3,2,2,1,2,0,0
2,1,2,69,19,1,1,2,14,0,6,0,0,2,8,0,0,2,2
1,2,0,27,0,1,2,1,19,0,5,1,2,2,2,1,2,0,0
5,0,0,53,0,1,1,1,19,0,4,0,0,2,1,1,1,0,0
3,0,3,35,19,1,1,1,19,0,4,0,0,8,1,1,2,0,0
1,2,1,32,30,1,2,1,20,1,4,1,1,2,2,0,2,1,1
5,0,0,19,0,1,2,1,24,0,2,0,0,1,1,1,4,2,2
1,1,4,56,18,1,1,1,22,2,5,1,1,1,1,2,2,0,0
3,0,2,69,26,2,1,1,20,2,5,2,1,2,1,2,0,1,1
1,1,1,66,29,1,2,1,17,1,1,0,0,1,1,1,0,0,0
2,1,3,69,20,3,2,1,98,0,3,0,0,1,1,2,0,2,2
5,0,2,43,22,1,1,1,17,0,8,0,0,1,1,0,2,2,2
3,0,6,43,14,1,2,1,15,2,7,0,0,1,2,2,1,0,0
1,2,2,44,18,3,2,1,27,9,5,1,2,2,1,0,1,1,1
2,2,2,58,20,3,1,1,24,1,3,0,0,1,1,0,2,1,1
1,2,2,38,23,1,1,1,27,2,4,0,0,2,2,2,2,0,0
1,2,4,49,24,3,2,1,23,2,4,2,2,1,1,0,2,1,1
1,1,2,51,24,1,1,1,22,2,6,3,1,2,3,2,3,0,0
1,1,2,59,24,4,2,1,16,2,6,3,1,3,3,1,1,3,3
3,0,1,68,33,2,1,1,8,1,3,1,3,2,1,0,0,2,2
1,2,1,73,98,4,1,1,23,2,7,0,0,2,2,1,0,0,0
1,2,2,67,25,4,1,1,22,2,6,0,0,2,2,1,0,2,2
1,2,2,70,25,4,1,1,21,2,6,2,1,1,3,0,0,1,1
1,2,4,61,29,3,2,1,21,2,6,0,0,2,8,1,1,2,2
1,2,2,50,28,2,2,1,26,2,4,1,8,1,8,1,1,0,0
1,2,1,67,37,3,1,1,21,1,2,0,0,1,1,1,0,2,2
1,2,2,39,30,4,1,1,23,3,6,0,0,2,1,0,1,2,2
1,1,2,48,30,4,2,1,25,2,7,3,1,2,3,1,1,3,3
5,0,0,19,0,1,2,1,19,0,6,1,1,2,1,0,2,2,2
1,2,4,58,22,1,1,1,10,1,4,2,2,3,2,2,0,0,0
4,0,3,54,17,2,2,2,20,1,4,0,0,1,2,1,1,0,0
5,0,0,20,0,0,1,1,1,1,4,0,0,1,1,1,0,2,2
2,2,3,89,23,1,2,1,13,0,4,1,2,1,1,2,0,0,0
1,2,3,44,18,0,2,1,27,1,4,0,0,1,1,0,1,2,2
1,2,3,59,19,1,1,2,21,1,4,1,2,2,2,1,1,2,2
1,9,0,47,0,3,2,3,17,0,5,0,0,1,1,1,4,0,0
1,2,2,46,32,4,2,1,16,2,7,1,1,2,1,0,1,2,2
1,2,2,55,33,1,1,3,18,0,1,0,0,2,2,1,2,2,2
1,2,5,65,21,1,1,2,27,2,4,1,2,2,1,1,2,0,0
5,0,0,23,0,2,2,1,98,0,3,1,1,1,1,0,1,2,2
1,2,4,28,15,0,2,1,16,1,5,1,2,1,1,2,2,0,0
2,1,0,76,0,3,2,1,27,2,6,0,0,2,1,0,1,2,2
4,0,0,45,0,3,1,1,19,1,2,1,3,1,2,1,2,2,2
5,0,2,40,25,0,2,1,12,0,4,0,0,2,2,2,3,2,2
3,0,3,77,20,1,2,1,10,2,7,0,0,1,1,0,0,2,2
5,0,0,74,0,4,1,1,20,1,2,1,3,2,2,1,0,2,2
1,2,3,79,18,0,2,1,21,2,6,0,0,2,2,2,0,0,0
1,1,5,70,20,0,1,1,3,2,5,1,1,2,2,0,0,2,2
1,1,4,61,21,0,1,1,9,0,4,0,0,3,1,1,0,1,2
1,2,5,49,27,0,1,3,18,0,4,2,2,2,2,2,1,0,0
1,2,2,38,34,3,1,1,16,0,4,1,3,2,2,0,3,2,2
5,0,0,25,0,3,2,1,16,0,5,0,0,1,1,1,2,2,2
1,2,3,36,22,1,1,2,22,0,4,1,2,1,2,1,1,0,0
2,1,2,75,28,3,2,1,16,2,6,1,2,2,1,2,0,1,2
1,2,0,22,0,1,1,1,21,2,6,0,0,1,1,1,3,0,0
1,1,1,45,23,1,1,1,19,2,6,1,2,2,1,0,2,1,1
5,0,2,26,23,1,2,3,12,1,4,0,0,2,1,1,1,2,2
5,0,0,40,0,1,1,2,19,1,4,0,0,1,1,0,2,2,2
4,0,3,26,19,1,2,2,22,1,1,1,2,3,1,1,2,1,1
3,0,3,60,17,0,2,3,19,1,5,0,0,1,8,1,3,0,0
1,2,4,32,22,1,1,1,20,0,4,0,0,2,1,1,1,1,2
3,0,3,54,29,1,2,1,21,1,3,1,2,2,2,8,1,0,0
5,0,0,27,0,0,1,1,18,0,6,0,0,1,1,1,3,0,0
5,0,1,27,22,2,2,2,14,0,8,0,0,2,8,1,2,2,2
5,0,2,34,22,1,1,1,18,0,7,0,0,3,1,0,2,2,2
1,2,2,37,26,3,2,1,23,2,6,2,2,2,2,1,1,1,1
1,2,5,41,31,3,1,1,23,0,6,0,0,1,1,2,1,1,1
3,0,2,32,22,1,2,1,26,0,3,1,1,1,2,1,1,0,0
5,0,0,43,0,4,1,1,10,2,4,0,0,1,1,0,2,1,1
1,2,2,42,34,4,1,1,23,2,2,1,2,1,1,1,1,1,1
1,2,2,57,40,3,1,1,21,1,5,0,0,2,1,2,2,0,0
1,2,2,43,25,3,2,1,23,1,5,1,2,2,2,0,2,2,2
5,0,0,41,0,4,1,1,20,3,4,1,1,1,1,1,0,2,2
5,0,2,77,33,1,1,3,5,1,6,1,2,1,1,0,0,2,2
1,2,2,46,30,3,1,1,25,1,4,1,3,2,2,1,2,0,0
5,0,0,50,0,4,2,1,22,8,4,0,0,2,1,0,1,2,2
5,0,0,25,0,3,1,1,22,1,4,1,3,1,1,0,2,2,2
1,2,0,37,0,3,2,1,26,4,4,1,1,2,1,1,1,0,0
1,1,4,60,22,1,2,1,23,0,4,2,1,3,1,1,2,2,2
1,2,2,57,40,1,1,1,21,2,5,0,0,1,2,2,3,0,0
1,2,2,38,22,1,2,3,8,0,8,2,8,8,8,0,9,2,2
5,0,0,25,0,1,1,1,21,0,4,1,3,1,1,1,2,0,0
5,0,0,34,0,3,1,1,19,1,1,0,0,1,1,0,2,2,2
1,2,1,65,25,1,1,1,19,2,7,0,0,1,1,1,0,0,0
5,0,0,34,0,1,2,1,18,0,1,0,0,2,2,0,2,2,2
5,0,0,34,0,1,2,1,11,1,2,1,3,1,1,1,2,2,2
5,0,5,40,23,1,2,1,6,0,6,0,0,3,2,1,2,2,2
5,0,1,26,17,1,2,1,17,0,4,1,2,1,1,1,1,0,0
5,0,0,23,0,1,2,1,12,0,2,1,3,1,1,1,2,2,2
5,0,0,24,0,1,2,1,17,2,4,1,1,2,2,0,3,2,2
1,2,0,28,0,2,2,1,22,2,6,2,2,1,2,1,2,0,0
4,0,2,56,31,2,2,1,22,1,3,0,0,2,1,1,4,0,0
1,2,3,84,21,3,1,1,20,2,6,2,1,2,2,2,0,2,2
3,0,3,42,21,3,2,1,14,1,7,0,0,3,1,2,1,2,2
5,0,0,44,0,3,1,3,27,1,3,1,2,1,1,1,1,0,0
3,0,3,51,28,4,1,3,26,0,3,1,3,1,1,2,2,0,0
3,0,3,61,24,3,1,2,19,0,2,1,2,1,1,1,1,2,2
1,2,2,37,29,3,2,1,25,1,2,1,2,1,1,1,1,2,2
3,0,2,39,26,3,1,1,18,2,5,0,0,1,1,1,2,0,0
4,0,2,65,28,4,1,3,26,2,2,2,2,1,1,1,1,0,0
2,2,2,39,18,1,2,1,15,0,2,1,2,2,2,0,2,2,2
5,0,0,26,0,1,2,2,15,1,3,0,0,1,2,1,1,2,2
1,1,5,55,16,3,2,1,22,2,6,1,2,1,1,1,3,0,0
1,2,2,51,28,4,2,1,23,2,7,0,0,2,1,0,1,2,2
5,0,0,50,0,3,2,1,22,1,4,1,1,1,1,1,1,0,0
1,2,2,61,27,2,1,1,20,0,5,2,2,2,2,1,1,2,2
5,0,0,19,0,1,2,1,26,0,6,2,3,1,2,0,9,1,1
5,0,3,42,18,1,2,2,18,0,2,1,1,3,1,2,3,0,0
1,2,2,30,25,1,1,3,16,0,4,0,0,2,2,0,1,2,2
5,0,0,60,0,4,2,1,12,1,4,1,2,2,3,2,3,2,2
5,0,3,46,19,2,2,2,18,1,4,0,0,1,1,1,2,0,0
5,0,2,35,17,1,2,1,18,1,4,0,0,2,3,2,1,0,0
2,2,0,75,0,1,2,2,11,1,3,1,8,2,1,0,0,2,2
1,2,0,35,0,0,2,1,8,0,4,0,0,3,2,1,0,2,2
1,2,4,34,26,3,1,1,26,2,7,0,0,2,2,0,1,1,1
3,0,4,58,18,2,1,1,23,2,6,0,0,8,2,1,1,0,0
2,2,2,55,21,1,1,1,26,2,6,0,0,2,2,0,1,1,1
2,2,3,86,26,3,1,1,20,1,3,1,2,1,1,2,0,2,2
5,0,0,54,0,1,1,1,18,2,6,2,1,1,1,0,1,3,3
3,0,0,44,0,3,2,1,19,2,6,2,1,2,2,2,2,0,0
5,0,1,55,47,1,1,1,26,2,5,0,0,2,2,0,1,1,1
2,2,2,58,24,2,2,1,13,1,3,1,1,1,1,1,1,2,2
3,0,1,54,28,1,1,1,20,2,6,0,0,2,1,2,4,2,2
4,0,2,31,19,3,2,1,17,0,4,1,3,2,1,1,1,1,1
5,0,0,51,0,2,1,1,9,0,4,1,2,1,1,0,1,2,2
5,0,2,39,20,0,1,1,18,0,4,1,1,2,2,1,1,0,0
2,2,3,86,23,1,2,1,15,2,4,2,8,1,1,1,0,2,2
3,0,2,54,38,3,1,1,21,2,5,0,0,1,1,1,1,0,0
5,0,4,26,21,1,1,2,98,0,3,1,3,1,1,0,2,2,2
1,2,2,37,29,4,2,1,23,0,3,1,2,1,2,0,1,1,2
3,0,3,45,32,3,1,1,26,0,5,1,1,2,1,1,2,1,1
1,2,3,70,24,1,2,2,25,1,3,1,1,1,1,0,0,2,2
1,2,2,43,27,4,1,3,22,1,4,0,0,2,1,0,1,2,2
5,0,0,23,0,1,1,1,13,0,4,1,2,2,1,1,1,0,0
5,0,3,42,24,3,2,3,18,1,5,1,2,1,1,0,3,2,2
2,2,6,86,23,2,2,1,14,1,3,0,0,1,1,0,0,2,2
4,0,2,72,22,1,2,1,19,2,7,1,1,3,1,1,0,1,1
3,0,1,55,24,4,2,1,15,0,4,2,2,2,2,2,1,2,2
2,2,0,69,0,0,1,2,9,1,5,0,0,2,2,1,0,2,2
2,2,0,89,0,0,2,2,98,1,8,1,1,2,2,2,0,0,0
4,0,8,68,19,0,1,2,10,1,3,0,0,2,1,0,0,1,1
5,0,0,45,0,1,2,1,15,2,7,0,0,3,3,8,3,0,0
5,0,0,18,0,1,2,1,14,0,5,1,2,2,2,0,9,2,2
5,0,0,22,0,1,1,1,9,1,2,1,3,2,1,1,3,0,0
1,2,2,66,25,1,2,1,17,0,3,1,1,2,1,1,0,1,1
3,0,3,66,19,1,1,1,9,0,1,1,1,2,2,0,0,2,2
5,0,0,21,0,0,1,1,16,0,4,2,1,2,1,2,1,2,2
1,1,4,65,20,1,1,1,16,2,6,0,0,2,2,1,1,0,0
1,2,0,29,0,1,1,1,14,3,4,2,2,2,1,0,1,1,1
1,1,4,50,18,1,2,1,19,1,4,1,2,1,1,1,1,0,0
3,0,0,65,0,1,1,1,17,2,6,0,0,1,2,0,2,2,2
3,0,1,53,20,0,1,1,6,1,4,2,1,2,2,1,2,1,2
1,2,3,32,24,1,2,1,19,2,6,1,2,2,1,0,2,1,1
3,0,2,47,23,1,2,1,20,2,6,1,2,3,1,1,2,0,0
1,1,7,58,19,1,1,3,13,0,4,0,0,1,3,0,2,2,2
3,0,6,44,22,1,2,1,20,2,6,8,8,2,2,1,1,2,2
3,0,1,50,35,0,1,1,7,0,5,1,1,1,1,1,0,0,0
3,0,2,51,30,2,1,1,20,0,4,0,0,2,2,1,2,1,1
2,2,3,53,21,1,2,3,19,2,5,0,0,1,1,0,2,1,1
5,0,5,44,20,2,2,2,16,1,6,0,0,2,2,1,2,2,2
5,0,1,40,30,1,1,1,20,2,2,1,1,2,2,1,2,0,0
5,0,3,56,20,0,2,2,14,0,3,0,0,1,1,1,1,0,0
3,0,7,52,15,1,2,2,2,1,4,1,3,2,2,2,2,0,0
2,1,1,65,17,1,2,2,12,1,4,0,0,1,3,0,1,2,2
1,1,4,37,20,1,2,1,21,0,5,1,1,1,1,1,2,2,2
1,2,2,50,29,3,1,1,25,0,5,0,0,1,2,1,1,0,0
3,0,0,27,0,1,2,1,12,0,5,1,1,2,1,2,9,0,0
1,1,2,49,26,3,2,1,24,1,3,0,0,2,1,0,2,1,1
5,0,2,41,17,0,1,1,1,0,4,1,2,1,3,1,2,2,2
1,2,3,72,28,2,1,1,17,1,4,1,8,2,1,0,0,1,1
3,0,0,42,0,1,1,1,23,0,8,0,0,1,1,2,2,1,1
5,0,0,24,0,1,1,1,16,3,1,0,0,1,1,0,2,2,2
5,0,2,31,17,0,1,3,18,0,4,0,0,2,3,1,1,0,0
1,2,4,33,16,1,2,1,15,0,4,0,0,1,8,1,1,2,2
3,0,3,69,23,1,2,1,17,1,2,1,1,1,1,2,1,2,2
3,0,3,46,24,3,2,1,20,2,3,0,0,2,1,1,1,0,0
1,2,4,71,17,1,2,1,20,9,4,1,3,1,2,0,0,1,1
5,0,0,22,0,1,2,1,14,2,4,0,0,1,1,2,0,1,1
1,2,3,53,35,1,1,1,21,2,5,2,1,2,2,1,1,0,0
1,2,0,30,0,4,1,1,23,0,5,0,0,3,2,1,2,0,0
1,2,2,61,30,3,1,1,23,2,6,3,2,2,2,0,1,2,2
1,2,2,39,26,4,1,3,24,0,5,0,0,1,1,2,2,2,2
1,2,0,27,0,3,1,1,27,8,5,1,3,2,1,1,1,0,0
3,0,2,71,21,3,1,1,17,1,6,0,0,1,1,0,0,1,1
1,2,0,60,0,1,2,1,26,2,4,1,1,2,1,1,1,2,2
3,0,2,47,25,3,1,1,20,1,3,0,0,2,1,1,2,1,2
1,2,0,33,0,1,1,1,24,1,3,1,1,2,2,1,1,2,2
5,0,0,29,0,3,1,1,16,1,1,1,3,1,1,0,2,2,2
3,0,0,60,0,1,2,2,18,1,3,0,0,1,2,0,2,1,1
5,0,4,27,15,1,2,2,15,0,3,1,3,2,1,1,3,2,2
5,0,0,30,0,1,1,1,16,0,8,1,3,1,1,0,3,2,2
5,0,0,24,0,0,2,1,13,0,3,0,0,2,1,1,2,2,2
5,0,0,57,0,1,1,1,27,9,4,0,0,2,1,1,1,0,0
5,0,0,19,0,1,1,1,13,0,4,2,2,2,2,0,2,2,2
5,0,0,55,0,1,1,1,18,0,4,0,0,2,1,1,3,2,2
3,0,3,75,21,1,2,2,19,1,7,0,0,2,1,1,2,0,0
1,1,1,50,21,1,1,2,24,1,4,1,1,1,1,0,1,1,1
1,1,3,70,25,2,1,1,20,2,6,0,0,1,1,1,2,1,1
3,0,2,65,25,3,1,1,16,1,3,0,0,2,1,0,0,1,1
1,2,1,28,27,3,2,1,13,4,2,0,0,1,1,1,1,2,2
1,1,5,57,19,1,2,1,22,1,3,0,0,1,1,0,3,1,2
1,2,5,48,27,3,1,1,17,2,4,0,0,2,3,1,1,0,0
5,0,0,18,0,1,2,1,98,0,2,0,0,2,2,1,1,2,2
1,2,0,27,0,1,1,1,18,2,5,1,2,2,2,1,2,0,0
1,1,0,41,0,1,1,1,15,0,2,0,0,1,1,0,2,2,2
5,0,0,69,0,4,2,1,26,0,4,0,0,2,1,8,0,0,0
5,0,1,32,23,1,2,2,15,3,3,1,3,1,1,0,2,1,1
5,0,0,21,0,1,2,2,1,0,4,2,1,1,8,2,1,0,0
5,0,1,30,25,1,2,2,15,1,4,0,0,2,2,0,2,2,2
3,0,6,66,19,1,2,1,9,1,3,1,2,8,2,1,0,2,2
3,0,2,59,21,1,2,3,17,0,4,0,0,2,1,1,1,0,0
5,0,1,22,20,1,2,3,16,0,4,1,3,1,2,0,2,2,2
5,0,0,31,0,2,1,1,16,1,2,0,0,1,1,0,1,2,2
3,0,3,50,25,3,2,1,16,0,4,0,0,1,1,2,3,0,0
5,0,0,21,0,1,1,1,12,2,6,3,2,3,2,0,1,2,2
1,2,0,29,0,3,1,1,19,1,3,0,0,1,1,2,2,2,2
5,0,0,21,0,1,2,1,4,0,4,1,2,1,1,1,1,0,0
5,0,0,21,0,1,2,3,20,1,1,1,3,2,1,1,0,2,2
5,0,0,25,0,3,1,1,14,1,2,0,0,2,1,1,2,0,0
5,0,0,22,0,2,1,1,21,2,5,8,1,2,1,0,0,1,2
5,0,1,23,21,1,1,2,98,1,8,0,0,1,1,1,2,2,2
5,0,0,21,0,1,1,1,26,1,2,0,0,1,1,0,0,2,2
5,0,0,21,0,1,1,1,10,0,3,1,3,2,1,1,1,2,2
1,2,2,55,36,3,1,1,26,2,2,0,0,1,2,1,3,0,0
1,2,8,63,23,4,1,1,21,1,4,0,0,2,1,2,1,2,2
2,2,1,86,23,1,2,1,19,2,6,0,0,3,2,0,0,2,2
1,1,4,40,19,0,1,1,23,2,4,1,1,1,1,2,1,1,1
1,2,3,42,30,1,1,3,18,0,6,3,8,8,1,2,1,0,0
4,0,2,64,19,1,2,1,14,2,6,1,1,1,1,1,0,1,1
3,0,3,72,26,3,2,1,26,1,2,1,2,1,1,0,0,2,2
1,2,2,84,28,2,1,1,15,0,2,0,0,2,2,2,0,0,0
5,0,2,30,21,2,2,2,17,0,3,1,1,1,2,1,2,0,0
5,0,0,33,0,1,1,1,13,3,1,0,0,1,1,0,3,2,2
2,1,2,76,25,1,1,1,17,2,6,2,2,1,2,8,0,2,2
5,0,0,28,0,4,1,3,20,0,4,0,0,2,1,2,2,0,0
5,0,0,23,0,3,2,2,15,0,4,0,0,1,1,1,0,2,2
1,2,3,30,18,0,2,1,19,1,5,1,1,2,1,8,2,0,0
5,0,0,29,0,1,2,3,13,0,4,0,0,1,2,0,1,1,2
3,0,0,23,0,0,1,1,98,0,4,1,3,1,1,1,2,2,2
5,0,0,85,0,3,1,1,10,1,4,0,0,1,1,1,1,0,0
1,2,0,58,0,0,1,3,22,2,8,3,1,3,3,0,1,2,2
2,1,1,86,30,1,1,1,23,0,4,0,0,2,1,2,0,1,1
1,2,6,82,26,4,1,1,24,2,6,1,2,3,3,2,0,0,0
1,2,8,50,18,1,1,2,14,1,4,0,0,3,1,0,2,2,2
5,0,1,55,30,1,1,2,22,1,1,0,0,1,1,8,2,0,0
3,0,3,41,17,3,2,3,22,1,4,1,3,1,1,0,2,1,1
5,0,0,22,0,1,1,3,22,1,3,0,0,1,1,1,2,2,2
1,2,3,28,24,2,1,1,23,2,7,1,2,1,1,2,1,0,0
3,0,5,87,19,1,2,2,16,1,3,1,1,1,1,0,0,2,2
1,2,3,64,18,3,1,3,23,2,6,2,1,1,1,2,1,0,0
5,0,0,18,0,0,2,1,26,0,4,1,2,1,2,0,0,1,1
1,1,1,73,31,1,2,1,27,1,2,1,3,2,2,1,0,0,0
1,2,0,68,0,1,2,1,27,1,4,0,0,1,1,8,0,0,0
1,2,3,51,17,4,2,1,26,2,6,3,1,2,2,0,1,1,1
1,1,2,67,24,3,1,1,23,2,4,0,0,1,1,1,1,2,2
2,1,5,81,23,3,1,1,26,1,2,1,3,1,1,1,0,0,0
3,0,4,70,24,3,1,1,26,2,4,0,0,2,2,0,0,1,1
1,1,1,63,32,1,1,1,21,2,6,0,0,1,1,2,0,0,0
1,2,3,71,27,1,2,1,18,2,6,0,0,1,2,2,0,2,2
1,2,2,34,29,3,1,1,26,0,5,0,0,2,2,0,2,1,1
2,2,3,86,28,3,1,1,19,2,4,2,1,2,1,0,1,2,2
5,0,0,39,0,1,2,1,18,0,3,1,3,1,2,8,2,0,0
3,0,1,47,30,1,1,1,19,0,4,0,0,2,1,0,1,2,2
1,2,2,33,15,3,2,2,24,1,4,2,1,8,1,1,2,2,2
2,2,0,31,0,3,1,3,17,1,3,0,0,2,1,1,1,0,0
1,1,1,57,33,1,2,1,26,4,5,1,1,1,1,0,0,2,2
1,2,1,35,24,1,1,1,20,3,4,1,3,1,1,1,2,0,0
2,2,2,65,30,1,2,1,20,3,1,0,0,2,1,0,0,2,2
5,0,0,69,0,1,1,1,16,1,4,1,2,1,2,1,0,1,1
3,0,2,59,18,1,2,2,3,1,1,0,0,2,1,2,2,0,0
1,2,2,35,32,1,1,1,24,1,2,0,0,1,1,1,2,2,2
5,0,0,37,0,1,1,1,15,2,6,0,0,2,3,0,3,2,2
1,2,2,51,25,1,2,1,26,2,6,2,2,1,2,2,1,1,1
1,2,1,85,30,0,1,3,16,1,4,0,0,1,2,1,0,0,0
1,2,2,49,29,3,2,1,24,0,6,0,0,1,2,0,1,2,2
1,2,2,68,19,4,2,1,25,1,3,1,3,1,2,1,0,2,2
1,2,2,70,25,2,2,1,26,2,4,0,0,3,2,8,0,0,0
2,2,3,74,23,1,1,1,17,1,2,0,0,2,1,1,0,1,1
1,1,3,68,21,1,2,1,21,2,6,1,1,2,1,8,1,0,0
1,2,2,46,31,3,2,1,25,2,6,0,0,1,2,0,2,1,1
1,2,2,51,25,2,2,1,25,2,4,2,2,1,2,1,1,2,2
3,0,2,66,25,1,1,1,23,2,6,0,0,1,2,1,0,0,0
5,0,1,43,30,1,1,1,26,2,5,0,0,2,8,0,1,2,2
2,2,3,74,22,0,2,1,98,1,5,2,1,1,1,8,0,2,2
1,2,3,74,28,4,1,1,21,2,6,0,0,1,1,2,0,0,0
1,2,4,85,20,1,1,1,23,2,2,0,0,2,3,2,0,1,1
3,0,0,49,0,3,1,1,18,3,1,1,3,1,1,1,3,1,1
1,2,2,46,25,1,2,1,27,2,4,3,2,2,2,0,2,1,1
1,2,4,37,30,3,2,1,24,1,4,0,0,2,1,2,1,2,2
4,0,6,41,19,0,2,1,11,9,5,0,0,3,2,0,1,2,2
1,2,1,22,19,1,1,1,16,8,3,1,3,1,1,1,2,2,2
1,1,1,43,23,4,2,1,16,0,4,0,0,2,2,2,4,0,0
1,2,4,73,24,3,2,1,20,3,4,0,0,1,1,2,0,1,1
1,2,1,34,32,3,2,1,18,3,5,0,0,2,2,0,3,1,1
2,1,3,87,12,1,1,1,10,1,4,1,2,2,2,8,0,2,2
5,0,0,32,0,4,2,1,16,1,2,0,0,2,1,2,2,0,0
3,0,1,31,22,1,2,1,16,0,4,0,0,2,2,1,3,2,2
5,0,0,33,0,1,1,1,2,0,9,1,3,2,2,1,0,0,0
3,0,2,69,32,1,1,1,9,0,3,0,0,1,1,0,0,1,1
5,0,0,77,0,1,1,1,10,2,6,1,1,1,1,2,0,2,2
3,0,2,52,36,1,1,1,1,0,4,3,8,8,2,0,1,2,2
3,0,0,37,0,1,1,1,21,1,2,1,3,1,1,1,1,0,0
5,0,0,52,0,1,1,1,15,1,5,0,0,1,1,0,2,2,2
5,0,0,38,0,3,2,3,22,0,3,8,2,2,2,1,2,1,1
3,0,4,55,25,1,1,3,3,0,5,0,0,2,2,1,3,2,2
1,2,3,75,27,1,2,1,17,1,4,1,2,2,2,2,2,0,0
1,1,1,50,20,1,2,1,19,0,5,0,0,2,2,0,1,2,2
5,0,1,25,19,1,2,1,18,1,3,1,1,2,1,1,1,2,2
1,2,2,28,20,1,1,1,19,0,4,0,0,1,1,1,1,1,1
3,0,3,76,25,3,1,1,5,1,4,1,2,2,1,2,0,1,1
1,2,6,52,24,3,1,1,26,3,4,0,0,2,2,0,1,1,1
5,0,0,22,0,1,1,1,20,0,6,0,0,3,1,2,2,1,2
2,1,1,57,24,0,1,1,18,1,2,1,3,2,1,1,2,0,0
3,0,5,84,17,0,2,1,13,2,4,8,2,2,1,2,0,0,0
1,1,2,63,23,1,2,1,23,0,4,1,1,3,1,1,1,1,1
2,1,3,58,22,4,2,2,22,1,3,2,2,2,1,2,1,0,0
1,1,1,43,21,1,2,1,21,0,4,1,1,8,1,1,1,1,1
5,0,0,25,0,1,2,1,16,0,5,1,1,2,1,0,1,1,1
1,2,0,39,0,0,1,1,16,0,5,0,0,8,2,1,1,2,2
5,0,3,31,20,2,2,1,17,2,5,1,8,1,1,1,1,0,0
3,0,2,39,25,1,2,1,17,3,6,0,0,3,8,0,2,2,2
5,0,3,34,17,1,2,2,17,1,5,1,1,1,1,0,2,1,1
1,2,0,27,0,2,1,1,19,0,4,0,0,1,1,1,2,0,0
5,0,0,35,0,1,1,1,18,3,4,1,3,2,1,0,3,2,2
5,0,0,24,0,1,2,1,18,0,2,0,0,2,2,2,1,2,2
5,0,2,48,22,3,1,1,20,0,4,1,1,2,1,1,2,0,0
5,0,0,21,0,1,1,1,25,0,3,1,3,2,2,0,1,2,2
5,0,0,30,0,1,1,1,19,0,5,0,0,2,2,1,2,1,1
5,0,1,36,26,1,1,3,23,2,5,0,0,2,2,8,1,0,0
5,0,0,52,0,1,1,1,10,2,1,1,1,1,1,2,8,0,0
1,2,2,36,33,4,1,1,26,0,4,1,3,2,1,2,2,0,0
2,2,0,80,0,4,2,1,23,1,2,0,0,1,1,0,0,2,2
5,0,0,27,0,3,2,1,16,0,3,1,3,3,1,1,2,2,2
5,0,0,24,0,3,2,1,14,1,3,0,0,1,1,1,2,0,0
3,0,2,44,24,1,2,1,20,2,4,0,0,1,2,0,1,2,2
1,2,5,89,28,0,1,1,14,2,4,0,0,2,1,1,0,0,0
5,0,0,22,0,1,1,2,20,0,1,2,2,1,2,1,1,2,2
1,1,4,48,23,1,1,3,19,0,5,0,0,2,2,2,4,0,0
5,0,3,33,17,0,2,1,13,1,2,0,0,2,2,2,1,2,2
2,2,2,59,22,0,2,3,8,1,4,2,2,2,2,2,1,0,0
5,0,0,43,0,1,1,3,18,2,5,0,0,1,2,0,4,2,2
1,2,1,32,31,0,2,3,98,0,2,0,0,3,1,1,1,2,2
3,0,2,62,24,2,2,1,27,1,2,0,0,8,8,0,0,2,2
1,2,2,53,28,1,2,1,22,0,5,1,3,2,1,0,2,2,2
1,1,2,59,29,1,2,1,20,2,6,2,1,1,1,1,1,0,0
1,2,3,47,19,1,1,1,23,0,6,0,0,3,1,2,1,0,0
5,0,0,18,0,1,2,1,18,0,4,1,2,1,1,0,0,2,2
2,2,2,64,19,1,1,1,18,0,4,0,0,3,1,0,1,2,2
5,0,0,22,0,1,1,1,98,2,3,1,1,1,1,8,1,2,2
1,2,0,37,0,3,2,1,25,1,1,0,0,1,1,1,2,0,0
5,0,0,31,0,3,2,1,19,1,2,1,2,2,1,0,2,2,2
2,1,1,72,21,1,2,1,15,1,4,1,1,1,2,2,0,0,0
1,2,0,32,0,3,2,1,20,1,2,1,2,1,1,1,2,2,2
1,2,0,69,0,3,1,1,21,1,2,0,0,1,1,2,0,2,2
5,0,0,32,0,3,2,1,22,3,1,1,3,1,1,1,1,0,0
5,0,0,32,0,3,1,1,18,1,4,0,0,1,1,1,3,0,0
3,0,4,60,22,2,2,1,17,0,5,1,2,2,8,0,3,2,2
2,2,2,70,22,0,1,1,10,0,7,2,2,2,2,2,0,0,0
5,0,1,41,30,2,2,3,18,1,4,0,0,2,1,0,1,2,2
5,0,0,35,0,2,2,1,9,0,2,1,3,2,1,1,3,0,0
3,0,3,77,28,2,2,1,1,2,6,0,0,2,1,0,0,2,2
4,0,1,57,24,1,1,1,12,0,6,1,1,2,1,1,1,1,2
5,0,0,26,0,1,1,1,9,4,4,0,0,1,1,1,3,1,2
3,0,4,56,19,1,1,1,14,2,4,2,2,3,1,1,3,0,0
5,0,0,24,0,3,1,1,19,1,3,0,0,2,1,0,2,2,2
5,0,3,56,15,0,2,2,8,0,2,0,0,1,1,1,1,0,0
2,2,3,39,22,0,2,3,14,0,8,3,2,3,3,0,2,2,2
1,2,0,30,0,4,2,1,18,1,2,0,0,1,1,1,0,2,2
5,0,0,26,0,3,2,1,11,0,1,1,3,1,1,1,2,0,0
5,0,4,31,23,1,2,1,4,0,6,0,0,2,2,0,2,2,2
1,2,3,36,24,3,2,1,23,1,4,1,2,1,1,1,1,1,2
1,1,4,69,19,2,1,1,23,2,7,0,0,1,3,2,1,0,0
1,2,2,39,24,3,2,1,23,0,4,0,0,2,1,0,1,1,2
1,1,2,53,25,1,1,1,20,2,5,0,0,1,1,1,1,0,0
4,0,2,55,24,1,1,1,19,2,6,0,0,2,1,8,1,1,1
3,0,3,50,18,1,2,1,3,0,4,0,0,2,8,2,4,0,0
1,2,0,31,0,4,1,1,20,1,2,0,0,1,1,1,2,1,2
5,0,0,70,0,3,2,1,18,2,4,3,3,2,2,2,0,0,0
3,0,2,68,30,2,2,1,26,1,2,1,3,1,1,1,1,2,2
1,1,2,73,39,1,1,1,26,1,3,0,0,8,8,1,1,0,0
5,0,0,60,0,4,2,1,19,1,2,0,0,2,1,1,1,2,2
5,0,0,30,0,1,1,1,18,0,5,1,1,1,3,1,1,1,2
1,2,2,60,23,1,2,1,22,1,4,1,2,1,1,1,2,0,0
3,0,3,61,20,1,1,1,18,1,3,1,3,1,2,1,4,1,2
2,2,3,69,19,0,2,1,9,0,8,0,0,8,8,2,1,0,0
5,0,3,41,22,1,1,1,2,0,8,0,0,1,1,0,3,2,2
5,0,0,64,0,2,1,1,9,1,4,1,2,1,1,1,0,2,2
2,2,4,63,18,1,2,1,16,1,4,0,0,2,1,1,0,0,0
5,0,1,22,21,0,1,2,3,1,6,0,0,2,1,2,1,2,2
4,0,2,33,18,0,2,1,1,0,6,1,2,3,1,2,4,0,0
5,0,0,56,0,3,1,1,21,1,3,1,2,2,1,2,2,2,2
1,2,1,30,20,2,2,1,23,1,2,1,2,8,1,0,2,1,2
2,1,3,89,19,2,2,1,14,1,5,0,0,1,2,1,0,2,2
3,0,1,61,37,3,2,1,24,1,4,0,0,2,2,2,1,0,0
3,0,2,55,34,1,1,1,19,0,4,0,0,1,1,1,2,2,2
5,0,0,67,0,4,2,1,19,1,2,0,0,1,1,0,0,2,2
1,2,2,61,21,1,2,1,20,2,4,1,1,2,2,1,9,1,2
2,2,3,69,21,1,1,1,9,2,4,0,0,2,1,1,0,0,0
5,0,0,30,0,3,1,2,22,1,1,0,0,1,1,1,2,2,2
1,2,3,70,20,1,1,1,17,2,6,2,1,2,1,2,0,0,0
3,0,3,41,28,1,1,2,18,0,1,1,1,1,1,0,3,2,2
5,0,3,67,35,0,2,2,12,0,7,0,0,2,2,0,2,2,2
3,0,1,62,25,1,1,1,10,2,4,0,0,3,2,2,0,2,2
3,0,3,36,25,1,2,2,18,1,4,0,0,2,2,0,1,2,2
1,2,2,51,25,2,2,1,26,2,4,2,2,1,2,2,1,0,0
1,2,0,65,0,3,2,1,20,2,5,0,0,1,1,0,1,1,1
3,0,7,63,17,1,1,2,23,1,4,1,3,1,1,1,2,0,0
5,0,0,23,0,3,1,1,23,2,4,1,2,2,2,1,2,1,2
2,2,7,89,19,1,2,1,2,1,3,2,1,2,3,2,1,0,0
1,2,0,47,0,2,2,1,20,2,4,0,0,1,1,0,1,1,2
2,1,3,75,22,1,2,1,22,2,6,1,2,2,2,1,0,2,2
1,2,0,24,0,1,1,1,21,2,6,0,0,2,1,2,2,1,1
1,1,2,42,31,1,1,1,25,2,6,0,0,3,1,0,1,1,1
5,0,1,29,27,1,2,1,9,0,8,0,0,8,8,2,1,2,2
5,0,0,26,0,2,2,1,14,3,4,1,2,8,1,1,2,0,0
2,2,7,89,18,0,2,2,7,0,5,0,0,1,3,0,0,2,2
1,1,2,76,24,1,2,1,19,1,4,1,1,2,2,0,0,1,1
1,2,2,36,24,1,2,1,20,2,1,1,2,2,1,1,1,2,2
1,2,3,77,18,1,2,1,19,2,5,2,2,2,1,0,2,1,1
1,2,2,32,26,1,1,1,22,2,6,1,1,1,2,2,1,0,0
3,0,2,72,27,1,1,1,10,0,4,0,0,8,8,0,0,1,1
1,2,1,39,25,3,2,1,16,0,1,1,2,2,2,1,2,2,2
1,1,0,71,0,1,2,1,20,2,6,2,1,1,2,0,0,1,1
3,0,3,31,20,4,1,1,22,2,7,0,0,1,2,1,1,0,0
1,2,2,69,26,4,1,1,23,1,3,0,0,1,1,1,0,0,0
1,2,2,35,21,0,1,3,11,0,8,0,0,2,3,2,1,2,2
1,2,2,80,30,4,1,1,21,2,5,0,0,2,2,2,0,0,0
3,0,3,49,29,3,1,1,25,1,4,0,0,1,1,0,1,2,2
1,2,3,42,27,1,1,1,18,1,4,0,0,2,1,2,2,0,0
1,2,3,36,21,0,2,3,11,0,6,2,2,2,2,0,0,2,2
1,2,1,71,24,1,1,1,20,0,8,0,0,1,1,1,0,1,1
5,0,1,64,24,0,1,1,1,0,6,1,1,1,1,1,0,0,0
3,0,1,57,29,2,1,1,14,2,3,0,0,1,2,0,2,1,2
1,2,1,24,23,1,2,1,98,0,5,2,1,2,2,2,2,1,2
3,0,1,47,21,1,2,1,20,0,3,2,1,1,2,0,1,2,2
5,0,0,23,0,1,1,1,23,2,3,0,0,1,2,2,1,2,2
3,0,2,46,25,2,1,1,25,9,4,0,0,1,1,0,3,1,1
3,0,2,57,30,0,1,1,21,0,1,0,0,2,2,2,1,0,0
1,2,3,50,18,4,2,1,18,1,4,1,2,1,1,2,2,2,2
5,0,0,34,0,1,2,1,18,0,3,1,2,1,1,1,9,0,0
5,0,0,20,0,1,1,1,98,0,4,2,1,1,2,1,0,1,2
1,1,2,49,23,1,2,1,21,2,4,2,1,2,2,0,1,1,1
5,0,0,30,0,1,2,3,21,1,2,1,3,8,1,1,4,0,0
1,2,2,29,25,1,1,1,16,0,4,0,0,2,2,0,1,2,2
3,0,3,61,20,1,2,1,18,0,8,0,0,1,8,1,1,0,0
5,0,0,29,0,4,2,3,14,0,4,1,3,1,1,0,0,2,2
5,0,0,21,0,1,1,1,2,1,1,0,0,1,1,1,0,2,2
5,0,0,24,0,1,1,1,15,8,5,0,0,1,1,2,0,0,0
1,2,1,34,24,4,2,1,26,1,2,1,3,1,1,0,0,1,1
5,0,0,25,0,1,2,1,20,1,3,1,3,1,1,1,2,0,0
5,0,0,21,0,1,1,1,2,0,5,0,0,1,2,0,0,2,2
5,0,0,22,0,1,1,1,27,0,5,1,2,2,2,1,0,2,2
5,0,4,38,14,1,1,1,27,0,1,8,1,3,1,0,2,1,2
1,2,0,70,0,1,1,1,19,0,4,0,0,1,1,1,0,1,1
1,2,2,33,22,1,2,1,20,0,4,1,3,1,1,1,1,0,0
1,1,1,75,17,0,2,1,16,1,4,1,1,1,1,0,0,2,2
1,2,1,56,29,1,1,1,13,2,5,0,0,2,2,1,2,2,2
1,2,3,68,25,3,1,1,16,1,2,1,2,1,1,1,0,0,0
1,1,3,39,23,1,2,1,10,0,4,0,0,2,1,0,1,2,2
1,2,2,54,22,1,2,1,20,2,6,3,1,2,3,2,1,1,1
1,2,2,60,31,1,1,1,25,0,5,0,0,1,3,8,3,0,0
1,1,1,60,28,1,1,1,22,2,7,0,0,3,1,0,2,1,1
1,2,2,36,30,4,1,1,23,2,5,2,1,2,3,1,2,1,1
1,2,1,31,26,1,2,1,20,2,5,1,2,3,8,0,2,1,1
1,1,3,41,17,3,2,2,21,1,4,0,0,8,8,8,1,2,2
3,0,1,29,22,1,2,1,18,2,4,1,2,1,1,1,2,0,0
1,2,1,38,26,3,2,1,20,2,6,2,1,2,2,1,1,1,1
3,0,1,42,29,1,2,1,15,2,4,0,0,8,1,0,1,1,1
3,0,2,69,21,1,2,1,20,1,5,2,2,2,2,8,0,1,1
1,2,1,29,28,4,2,2,21,1,4,3,2,2,2,0,2,1,1
1,2,4,33,19,0,1,3,10,0,2,0,0,3,2,2,0,2,2
1,2,1,27,26,1,1,1,20,0,4,0,0,2,1,0,1,1,1
1,2,7,42,18,2,1,1,21,2,4,1,1,3,1,2,3,1,1
1,1,4,57,25,3,1,1,26,2,6,0,0,2,1,2,1,0,0
3,0,1,41,25,3,2,1,19,1,1,0,0,1,1,1,2,2,2
3,0,0,70,0,3,2,1,13,1,3,0,0,2,1,1,0,2,2
1,2,2,31,33,0,1,1,11,2,6,0,0,2,3,0,2,2,2
1,1,2,68,17,2,2,1,20,2,7,2,1,2,2,2,0,3,3
1,2,1,38,34,4,2,1,22,1,4,1,2,2,8,0,2,2,2
5,0,0,57,0,1,1,1,27,1,4,0,0,1,1,8,1,1,1
1,2,2,38,18,2,1,1,19,0,4,1,2,1,1,1,1,3,3
5,0,0,30,0,4,2,1,22,2,6,1,2,1,1,0,2,1,1
1,2,2,68,22,0,1,1,19,2,4,0,0,2,3,2,2,1,1
3,0,2,75,22,1,2,1,27,2,7,8,1,1,1,2,0,0,0
1,2,2,82,35,1,1,1,24,2,5,0,0,1,1,0,1,1,1
1,2,2,71,20,2,1,1,19,1,4,0,0,3,2,2,0,0,0
1,1,3,44,22,1,1,1,17,0,4,0,0,3,3,1,1,1,1
2,2,3,82,21,1,2,1,9,1,4,0,0,1,2,0,0,2,2
1,2,3,69,17,1,2,3,98,1,8,1,1,1,1,2,0,2,2
5,0,0,40,0,3,1,2,18,1,4,0,0,1,1,1,2,0,0
2,2,2,61,18,0,2,2,15,1,2,2,3,2,8,0,1,2,2
1,1,1,70,22,1,1,1,14,4,6,2,1,2,2,1,0,0,0
1,1,2,57,24,1,2,1,20,2,4,0,0,8,1,0,2,1,1
5,0,0,37,0,3,2,1,20,0,2,1,1,1,1,8,2,2,2
1,1,3,64,26,3,1,2,17,1,1,0,0,1,2,2,0,0,0
2,2,4,74,25,4,2,2,21,1,3,2,2,8,8,0,0,3,3
4,0,3,71,20,1,2,2,10,1,4,0,0,1,1,8,0,2,2
5,0,0,22,0,1,1,1,19,0,7,1,2,2,1,1,0,1,2
5,0,0,26,0,0,2,1,14,0,3,0,0,2,1,0,3,2,2
1,1,2,52,25,1,2,1,20,2,4,1,2,2,2,0,1,1,1
2,2,3,84,21,1,2,2,18,1,6,0,0,1,1,2,0,1,2
5,0,9,22,99,0,1,3,18,0,4,0,0,2,1,0,8,2,2
5,0,0,28,0,1,1,2,13,0,4,1,2,2,2,1,1,2,2
3,0,2,60,25,1,2,1,20,2,4,1,2,1,1,0,2,2,2
5,0,0,31,0,1,2,2,9,1,4,1,1,3,2,8,2,0,0
3,0,5,45,21,1,1,2,17,1,4,0,0,1,1,0,3,2,2
1,1,0,49,0,1,1,2,20,1,2,0,0,1,1,1,1,0,0
5,0,5,32,21,0,2,1,3,0,4,2,2,2,2,0,2,2,2
3,0,5,43,17,0,2,2,8,1,4,0,0,1,1,1,2,2,2
3,0,3,45,21,1,2,2,18,1,4,1,1,1,1,1,2,0,0
1,2,2,65,24,1,1,1,23,1,2,0,0,1,1,0,0,2,2
5,0,2,32,18,1,2,1,10,0,2,1,3,2,1,1,1,2,2
5,0,1,23,22,0,2,1,18,3,2,1,1,1,1,1,1,0,0
1,2,2,52,32,4,1,1,24,2,6,1,2,1,1,0,2,1,1
1,1,2,58,23,3,2,1,22,1,2,1,3,1,1,1,2,2,2
5,0,0,21,0,1,2,1,98,0,4,0,0,1,1,2,2,0,0
2,2,1,77,26,3,2,1,15,1,4,0,0,1,1,1,0,2,2
1,2,4,86,22,0,1,1,19,2,7,0,0,2,1,0,0,1,1
3,0,2,52,24,2,2,1,98,1,4,1,1,1,2,2,1,1,1
3,0,2,66,30,3,1,1,17,2,4,0,0,2,1,0,0,2,2
2,1,5,72,24,1,2,1,27,0,5,0,0,1,1,2,0,0,0
3,0,1,47,19,1,2,1,17,0,6,1,1,1,1,0,3,2,2
5,0,0,58,0,3,1,1,21,2,6,2,1,2,2,2,1,0,0
3,0,0,35,0,4,2,2,20,0,2,0,0,2,1,0,1,2,2
4,0,1,50,25,2,2,2,18,1,4,1,3,1,1,2,1,2,2
2,2,2,84,25,4,2,1,98,2,7,0,0,8,8,2,0,0,0
5,0,0,22,0,1,1,2,16,1,3,0,0,3,3,1,0,2,2
5,0,3,29,19,3,2,2,16,1,3,1,1,1,1,2,1,0,0
4,0,1,26,21,1,1,2,13,0,7,0,0,1,2,0,1,2,2
1,2,0,24,0,3,2,1,98,0,3,1,1,2,1,8,1,2,2
1,2,2,99,99,1,2,1,13,0,4,1,2,1,2,0,2,2,2
1,1,0,38,0,2,1,1,12,2,4,0,0,1,1,1,0,2,2
5,0,0,31,0,3,1,1,18,1,3,1,3,1,1,1,2,1,1
5,0,1,31,17,3,2,1,16,3,1,1,8,1,1,0,4,2,2
5,0,0,30,0,3,2,2,13,8,2,0,0,1,1,1,0,2,2
1,2,2,46,29,4,1,1,26,2,1,0,0,2,3,1,1,0,0
5,0,2,49,23,3,1,2,9,1,4,0,0,1,1,1,1,1,1
1,2,0,29,0,1,1,1,16,0,4,2,3,3,2,0,2,1,1
3,0,2,45,18,1,2,1,10,0,2,0,0,8,1,0,0,2,2
3,0,7,67,13,1,1,2,13,1,5,0,0,1,3,1,0,0,0
1,2,1,34,29,1,2,1,22,2,4,0,0,2,8,2,2,1,1
2,2,2,82,30,1,1,2,20,1,4,1,2,1,1,2,0,0,0
1,2,2,44,99,1,1,3,20,2,4,0,0,2,2,1,1,0,0
1,2,3,48,29,4,2,1,20,1,4,0,0,2,3,2,1,2,2
5,0,2,24,16,0,2,1,9,0,6,1,2,2,1,1,2,0,0
1,2,2,56,16,1,1,1,98,2,6,2,1,2,2,2,0,8,0
1,1,3,65,23,1,1,1,15,2,6,3,1,2,3,0,2,1,1
5,0,1,48,27,1,2,2,21,8,4,0,0,1,8,1,2,1,1
5,0,2,27,24,1,2,2,1,1,4,0,0,8,8,0,4,2,2
1,2,3,55,24,4,2,2,25,1,3,1,8,1,1,0,1,2,2
1,2,0,25,0,1,1,1,1,1,4,0,0,1,1,1,0,2,2
3,0,5,55,17,1,2,2,9,1,6,1,1,1,1,1,2,2,2
4,0,2,71,20,1,2,1,98,0,4,0,0,2,1,1,0,1,1
5,0,2,26,19,1,1,1,14,0,7,1,2,1,1,1,1,0,0
1,2,4,59,27,1,2,1,23,2,6,0,0,8,1,8,1,0,0
3,0,1,56,25,1,2,1,20,1,4,0,0,1,2,1,1,1,1
3,0,0,58,0,4,2,1,27,0,4,1,2,8,2,1,0,0,0
5,0,1,27,25,2,2,2,19,0,4,0,0,3,2,0,2,2,2
1,1,2,69,21,1,2,2,26,9,1,0,0,1,2,9,1,1,1
5,0,1,30,18,1,2,1,7,0,5,2,2,8,2,1,4,0,0
2,2,0,71,0,3,2,1,21,2,6,0,0,1,1,1,1,0,0
1,2,5,53,22,0,2,2,17,0,4,2,1,1,2,0,3,2,2
3,0,2,99,23,2,1,2,16,1,3,1,3,2,3,1,3,0,0
1,2,4,34,16,0,2,2,17,1,4,0,0,8,8,0,2,2,2
3,0,3,37,17,0,2,1,19,0,6,1,1,8,1,8,3,2,2
1,2,3,29,16,2,2,2,9,1,4,0,0,1,3,1,2,0,0
3,0,2,63,25,1,2,1,13,0,4,0,0,2,8,0,2,2,2
5,0,2,32,24,2,2,2,12,1,5,2,8,2,8,8,2,2,2
5,0,0,33,0,3,1,2,21,1,5,0,0,1,1,1,2,0,0
5,0,3,79,99,1,2,2,27,1,9,2,1,2,8,2,1,0,0
5,0,0,22,0,1,1,2,18,8,4,1,3,8,8,8,2,2,2
5,0,0,24,0,1,2,1,16,1,4,1,2,2,1,0,2,2,2
1,2,0,31,0,3,2,1,19,3,2,0,0,1,1,1,2,2,2
1,2,2,43,29,3,2,1,26,2,4,2,2,8,2,0,3,1,2
3,0,0,56,0,3,2,1,26,2,4,0,0,1,1,2,2,2,2
3,0,2,54,37,1,1,1,26,2,6,1,2,2,1,1,0,0,0
1,2,2,47,33,1,1,1,25,0,3,0,0,2,1,0,1,2,2
1,2,3,72,28,3,2,1,26,2,6,3,3,2,3,2,0,2,2
1,2,2,60,25,4,1,1,26,2,6,1,2,2,2,2,0,2,2
1,2,2,34,27,4,1,1,23,2,5,0,0,2,1,1,2,0,0
1,2,2,38,33,3,1,1,26,1,2,0,0,1,1,0,2,2,2
1,2,0,58,0,4,2,1,26,2,6,0,0,2,2,2,0,0,0
3,0,2,67,30,3,2,1,9,2,4,1,2,1,1,0,3,2,2
5,0,3,39,15,1,2,3,8,0,6,0,0,3,2,2,1,2,2
3,0,2,75,20,1,2,1,15,2,6,2,1,2,1,2,1,2,2
1,1,1,65,25,2,2,1,18,1,4,3,2,8,2,0,1,2,2
5,0,8,56,17,1,1,1,9,0,2,1,1,2,1,2,0,0,0
3,0,3,35,19,2,2,3,17,0,1,0,0,8,3,0,4,2,2
1,2,4,57,14,4,2,2,15,1,4,1,1,2,1,1,2,2,2
1,2,5,63,22,1,1,2,14,0,4,0,0,2,2,1,2,0,0
5,0,0,29,0,1,1,1,14,1,4,1,2,2,1,0,3,2,2
1,2,2,66,17,1,2,1,23,2,5,1,1,1,1,0,0,2,2
2,1,0,58,0,2,2,1,15,1,4,0,0,2,2,0,0,2,2
1,2,2,77,27,3,2,1,19,1,1,1,3,1,1,0,1,1,2
5,0,1,38,23,0,1,3,17,0,1,2,2,1,2,2,2,0,0
1,1,4,34,20,2,2,1,18,0,4,1,1,1,2,1,2,1,1
5,0,2,27,20,1,2,2,15,0,4,3,3,3,2,1,1,0,0
1,2,5,46,20,0,2,1,11,0,4,0,0,3,3,0,2,2,2
3,0,4,45,21,2,2,1,15,1,4,0,0,2,8,1,2,0,0
1,2,1,23,20,2,2,1,12,0,3,1,2,2,1,0,2,2,2
5,0,0,25,0,2,2,2,18,1,4,0,0,8,8,1,2,2,2
5,0,0,23,0,1,2,3,13,2,5,1,3,1,1,1,2,0,0
1,2,2,57,18,1,1,1,18,1,4,0,0,2,2,1,0,0,0
1,2,2,58,34,2,2,1,98,0,5,2,8,8,8,0,1,2,2
3,0,2,50,21,0,2,1,16,0,4,0,0,8,2,2,4,2,2
5,0,1,70,17,1,1,2,15,0,3,2,2,3,2,1,0,0,0
4,0,1,58,25,2,2,1,14,0,4,0,0,1,1,0,1,2,2
3,0,2,68,28,2,2,1,20,1,4,0,0,1,3,1,0,2,2
1,2,1,25,24,2,2,1,20,0,4,1,2,1,2,1,2,0,0
2,2,2,68,22,1,2,1,22,0,5,0,0,1,1,0,0,2,2
3,0,1,54,24,1,2,1,10,2,6,2,2,2,3,8,2,1,1
3,0,3,30,21,0,2,1,3,0,4,0,0,1,1,2,1,0,0
3,0,3,64,29,1,2,1,17,1,4,0,0,2,1,0,1,1,1
1,1,3,58,16,0,1,1,20,2,6,3,1,1,1,1,1,1,1
1,2,4,69,19,0,2,2,98,1,4,8,8,1,8,1,0,0,0
1,2,3,56,22,1,2,1,22,0,5,0,0,8,3,0,1,1,1
1,1,3,69,16,1,2,1,8,2,6,0,0,8,3,1,0,3,3
1,2,2,46,26,1,1,1,27,2,8,3,1,1,2,2,1,0,0
3,0,3,34,21,0,1,1,17,0,4,0,0,8,8,0,4,2,2
3,0,4,67,25,1,2,1,10,2,2,2,1,1,1,0,0,1,1
5,0,2,40,16,1,2,1,1,9,4,0,0,3,1,0,4,1,1
3,0,2,44,33,1,2,1,13,0,4,0,0,8,1,2,1,0,0
5,0,1,32,20,2,2,2,20,1,4,1,2,1,1,0,2,1,1
5,0,1,33,25,0,1,2,23,1,3,1,2,1,2,2,2,0,0
1,2,2,35,16,0,1,3,98,0,8,0,0,1,8,0,1,2,2
1,1,2,70,22,2,2,3,19,9,4,0,0,2,2,8,0,0,0
5,0,5,59,19,1,1,2,9,2,4,0,0,2,2,1,0,2,2
5,0,1,32,18,0,2,2,1,1,3,1,1,1,1,1,3,0,0
1,1,8,53,23,1,1,2,12,0,4,0,0,1,2,0,1,2,2
5,0,2,39,20,0,2,2,98,0,8,1,1,3,3,1,1,2,2
1,2,1,43,35,4,2,2,25,1,4,0,0,1,1,1,1,0,0
5,0,3,26,22,1,1,2,20,1,4,1,2,2,1,0,2,1,1
1,2,2,64,27,4,1,3,23,3,5,0,0,2,3,1,0,1,1
3,0,2,62,31,1,2,1,7,8,9,1,1,1,1,1,2,2,2
3,0,3,72,28,3,1,1,20,2,6,0,0,3,3,1,0,1,1
1,2,2,58,22,1,2,1,98,8,5,0,0,1,2,0,1,1,1
1,2,0,22,0,0,2,1,22,3,4,1,1,2,1,1,2,1,1
1,2,0,60,0,0,1,3,3,0,1,0,0,1,2,1,3,0,0
1,2,0,42,0,1,1,1,20,2,6,3,1,2,3,2,3,0,0
3,0,7,62,26,4,1,1,19,3,1,0,0,1,1,0,0,1,1
3,0,2,39,22,2,2,1,17,2,6,0,0,1,2,2,4,0,0
1,2,0,24,0,1,2,1,17,2,4,1,2,8,2,0,2,2,2
5,0,3,38,18,0,2,2,9,1,3,0,0,1,1,1,2,2,2
1,2,2,39,22,1,2,1,19,2,6,2,1,1,1,2,1,0,0
1,2,0,32,0,3,2,1,26,2,7,3,1,2,2,8,1,1,1
1,2,2,85,28,4,1,1,26,2,6,0,0,2,3,2,1,0,0
2,2,4,88,21,1,1,1,22,2,3,0,0,2,1,1,0,1,1
1,2,1,44,27,3,2,1,22,2,5,3,2,2,2,1,1,0,0
5,0,0,18,0,1,1,1,98,0,6,3,2,2,8,1,2,1,1
5,0,3,32,19,2,2,2,12,1,4,0,0,2,2,2,2,0,0
1,2,3,60,20,3,2,2,21,1,1,1,2,1,1,0,1,1,1
1,2,0,99,0,1,1,1,24,2,6,0,0,8,2,8,1,0,0
1,2,0,72,0,4,2,2,20,1,2,1,1,2,1,1,0,2,2
2,2,1,61,33,4,2,1,22,1,4,0,0,2,2,2,1,0,0
1,2,2,27,21,1,2,2,20,1,4,1,1,2,1,0,1,2,2
1,1,6,42,20,0,1,2,18,1,4,0,0,1,2,0,2,1,1
4,0,2,51,25,3,1,2,19,1,4,0,0,1,2,1,1,0,0
1,2,1,38,37,1,1,1,21,0,6,0,0,2,2,1,1,1,1
3,0,1,44,32,1,2,1,10,2,2,1,1,2,1,1,3,0,0
5,0,0,37,0,3,1,2,18,1,2,2,2,1,1,1,1,1,1
2,1,3,73,18,0,2,2,9,1,4,1,2,2,1,0,0,2,2
5,0,0,21,0,1,1,2,19,0,4,0,0,1,2,2,0,1,1
5,0,0,60,0,1,1,3,27,0,4,1,1,2,1,8,1,2,2
1,2,2,70,20,1,2,2,14,1,4,1,2,2,2,0,2,1,2
4,0,3,70,18,4,2,2,27,1,7,0,0,1,2,2,0,1,1
1,2,4,89,22,2,1,2,11,1,4,3,3,1,2,2,0,0,0
5,0,2,35,19,0,2,2,10,1,2,0,0,2,2,0,1,2,2
1,2,1,51,20,1,2,2,20,1,9,1,1,1,1,1,2,1,1
1,2,1,37,20,1,2,1,18,0,5,2,1,2,1,0,1,1,2
1,2,3,71,31,1,1,1,19,2,4,0,0,1,2,0,0,1,1
1,2,1,35,21,1,1,1,21,2,6,2,1,1,1,1,1,3,3
1,2,2,78,24,1,1,1,19,2,4,3,1,2,3,0,0,1,1
5,0,1,32,24,1,1,1,19,2,5,0,0,1,1,1,3,1,2
3,0,5,62,30,1,1,1,24,2,7,3,1,1,3,2,1,0,0
1,2,2,41,25,4,2,2,19,1,2,1,3,2,1,1,1,1,2
1,1,1,36,31,1,2,1,12,0,4,0,0,1,2,1,1,0,0
5,0,0,20,0,1,1,2,22,1,4,1,3,1,2,1,1,0,0
5,0,0,36,0,1,2,2,4,1,3,0,0,3,3,0,2,2,2
2,2,5,85,21,1,1,1,23,2,6,3,1,3,2,0,0,1,1
2,1,3,71,21,3,1,2,17,1,3,0,0,2,1,0,0,1,1
5,0,0,30,0,3,1,1,20,3,4,1,2,2,1,1,1,1,1
2,1,1,81,23,1,2,1,12,0,3,0,0,1,1,1,0,0,0
1,2,5,88,24,1,1,3,10,1,4,1,2,1,2,0,0,2,2
3,0,4,76,20,3,2,1,20,1,2,0,0,2,1,1,0,2,2
1,1,2,59,27,3,2,1,26,2,6,1,2,2,2,2,1,0,0
2,2,3,88,26,2,2,1,20,2,7,0,0,2,3,0,0,1,2
2,1,0,64,0,1,2,1,11,1,6,2,1,2,2,1,0,2,2
5,0,0,75,0,1,2,1,9,2,7,0,0,2,2,2,0,0,0
3,0,3,55,24,1,2,1,10,0,8,0,0,1,1,1,4,2,2
5,0,0,55,0,1,2,1,17,0,3,1,1,2,1,1,1,2,2
1,1,2,61,25,4,1,3,14,2,8,3,3,3,3,2,0,0,0
1,2,7,38,21,2,1,1,14,2,4,0,0,8,1,1,1,2,2
3,0,1,50,19,3,2,2,98,8,4,1,1,8,2,2,2,0,0
5,0,2,54,27,3,2,2,8,1,5,0,0,1,1,0,3,2,2
2,1,4,80,22,1,2,1,27,0,5,2,1,8,2,8,0,2,2
5,0,0,33,0,3,2,2,17,0,4,1,1,2,2,0,1,2,2
5,0,1,25,23,1,1,1,98,0,4,0,0,1,1,1,3,2,2
5,0,0,22,0,1,1,3,27,0,5,1,3,2,1,1,0,0,0
5,0,1,38,19,2,2,1,19,1,4,0,0,1,2,0,1,2,2
5,0,0,25,0,1,1,1,12,0,8,1,2,1,1,2,2,2,2
5,0,2,63,25,1,1,1,20,0,4,2,2,2,2,0,1,2,2
5,0,0,22,0,1,1,1,27,0,4,0,0,2,2,1,1,2,2
1,2,1,40,24,1,2,3,19,0,3,3,1,3,1,8,1,0,0
1,1,2,69,20,1,2,1,19,1,3,0,0,1,1,0,0,2,2
5,0,0,20,0,1,2,1,98,1,3,2,2,2,1,2,2,2,2
1,2,2,54,26,1,1,1,23,2,4,0,0,1,1,1,1,0,0
5,0,0,19,0,1,1,1,22,0,4,2,3,1,1,1,0,1,1
5,0,0,34,0,2,1,1,13,1,3,1,3,2,2,0,2,2,2
1,2,4,59,24,3,2,1,98,2,6,0,0,8,1,0,1,2,2
1,1,3,59,19,3,1,1,26,3,4,0,0,3,2,1,1,0,0
1,2,2,44,31,3,2,1,26,2,6,2,8,1,8,0,2,1,1
1,2,1,34,32,4,1,1,24,1,2,0,0,8,1,1,2,2,2
1,2,1,35,31,3,2,1,20,1,2,1,3,1,1,1,2,0,0
1,2,4,42,27,3,2,1,26,2,3,0,0,1,8,0,1,2,2
5,0,0,86,0,1,1,1,22,1,4,0,0,8,1,8,0,0,0
5,0,4,32,20,1,2,1,13,2,4,8,1,1,8,0,1,2,2
3,0,0,61,0,1,2,1,9,1,6,0,0,1,1,1,0,2,2
5,0,0,19,0,1,1,1,98,0,7,1,1,2,1,8,2,0,0
1,1,3,39,24,1,1,1,19,2,6,0,0,3,2,0,0,2,2
1,1,4,71,17,0,2,1,18,0,2,0,0,2,2,1,0,0,0
1,1,5,49,16,1,2,1,16,1,5,2,1,8,2,0,1,1,1
5,0,0,23,0,1,1,1,27,2,5,0,0,8,8,2,2,1,1
1,1,2,56,24,1,2,1,17,0,3,1,1,2,1,1,1,2,2
3,0,5,47,14,1,1,1,22,0,6,0,0,1,1,1,1,0,0
2,2,3,89,24,1,2,1,14,0,6,2,1,2,8,0,0,1,1
3,0,3,66,18,1,2,1,19,2,4,0,0,1,1,1,0,2,2
1,2,3,54,24,4,2,1,26,2,6,0,0,8,2,0,2,1,1
1,2,1,33,29,3,1,1,22,0,5,0,0,1,2,1,1,0,0
2,1,2,53,20,1,2,1,14,1,4,1,2,2,1,0,1,1,1
1,1,3,76,20,0,1,1,12,2,6,0,0,2,1,2,0,2,2
2,1,2,86,17,0,2,1,15,2,6,1,1,1,1,2,1,0,0
1,2,0,61,0,3,1,1,18,2,2,0,0,2,2,2,1,0,0
1,1,2,71,25,4,2,1,20,1,5,2,2,2,3,0,0,1,1
1,1,2,42,30,2,1,1,20,8,6,0,0,2,3,1,1,3,3
3,0,1,23,22,1,2,1,18,0,3,1,2,2,1,2,1,0,0
3,0,2,44,21,1,1,1,9,2,4,0,0,2,2,0,4,2,2
3,0,3,63,26,2,1,1,16,9,6,1,1,3,1,1,0,1,1
3,0,2,68,21,1,2,1,19,2,4,2,1,1,2,0,0,2,2
5,0,0,30,0,1,2,1,15,0,4,0,0,2,1,1,2,2,2
2,2,2,82,23,1,2,1,20,2,7,1,1,2,8,2,0,0,0
5,0,0,43,0,1,2,1,13,1,1,0,0,2,1,0,2,2,2
5,0,2,26,17,1,2,1,14,0,4,1,2,2,1,1,1,2,2
3,0,0,57,0,1,2,1,16,1,5,0,0,2,1,2,0,2,2
1,2,1,42,25,2,2,1,20,2,2,1,1,3,1,1,1,0,0
1,2,4,42,35,3,1,1,24,2,5,0,0,2,1,0,1,2,2
1,2,0,74,0,1,1,1,9,0,5,2,2,2,2,2,0,2,2
1,2,0,47,0,1,1,1,19,0,5,0,0,1,1,1,2,0,0
3,0,0,65,0,4,1,1,18,2,4,0,0,2,3,1,2,2,2
1,2,2,37,30,1,1,1,19,2,4,1,3,1,1,1,2,0,0
3,0,5,89,19,0,1,1,14,1,4,0,0,8,1,0,0,1,2
3,0,1,44,23,1,1,1,98,2,4,1,1,8,1,1,3,1,1
3,0,2,77,20,1,2,1,12,2,5,1,1,2,1,0,2,2,2
5,0,0,23,0,1,1,1,23,1,2,0,0,2,1,1,2,1,1
2,2,0,55,0,3,2,1,22,2,6,2,1,2,2,1,1,0,0
3,0,3,37,22,2,1,1,18,0,4,2,2,2,2,1,2,2,2
2,2,6,81,19,1,2,1,8,0,4,0,0,2,2,2,2,0,0
2,1,0,60,0,1,2,1,20,2,4,1,2,1,2,0,1,1,1
1,2,3,54,16,1,2,1,10,0,4,1,1,3,1,1,0,0,0
1,2,2,43,26,3,1,1,25,1,3,0,0,2,1,0,1,2,2
1,2,2,43,29,2,2,2,20,0,6,1,2,1,1,2,2,2,2
5,0,0,21,0,1,1,1,19,3,2,1,3,8,1,0,1,1,2
3,0,4,51,19,3,2,1,21,0,5,0,0,3,1,1,1,1,1
1,2,2,36,24,3,1,1,20,0,4,0,0,2,1,0,2,2,2
3,0,1,69,30,4,1,1,23,2,6,2,2,2,1,2,0,1,1
1,2,6,74,25,4,1,1,23,2,6,0,0,1,2,2,1,0,0
3,0,2,69,28,3,1,1,15,2,5,2,2,2,1,1,0,0,0
1,2,1,34,23,1,2,1,17,0,7,0,0,1,1,2,1,0,0
1,2,1,30,28,3,2,1,19,1,4,1,1,1,1,1,2,0,0
3,0,1,73,38,3,1,1,17,1,8,0,0,1,1,0,1,2,2
1,2,2,34,26,1,1,1,23,0,4,0,0,2,2,8,1,0,0
1,2,0,34,0,3,1,1,24,1,3,0,0,1,2,1,1,1,1
1,2,1,39,34,3,1,1,21,0,4,1,1,1,1,2,2,0,0
1,2,2,34,19,2,1,1,17,0,7,0,0,2,1,0,0,1,1
1,2,4,65,18,1,2,1,27,2,9,2,1,1,3,2,0,3,3
3,0,0,46,0,1,2,1,19,0,4,0,0,2,2,1,1,2,2
1,2,4,37,15,3,1,1,21,2,6,0,0,3,1,0,1,3,3
5,0,0,22,0,1,1,1,20,1,2,1,3,1,1,1,3,1,1
3,0,0,55,0,1,1,1,20,2,6,0,0,3,2,1,2,0,0
5,0,0,59,0,1,2,1,1,3,5,0,0,2,1,2,1,2,2
2,1,2,69,34,3,1,1,27,2,4,1,1,2,2,0,0,1,1
3,0,3,55,32,2,2,1,11,0,4,1,2,1,1,8,1,0,0
1,1,0,78,0,1,1,1,27,2,3,2,2,3,2,0,1,1,1
2,2,5,88,22,3,2,1,19,2,5,0,0,2,1,2,0,2,2
5,0,0,57,0,4,2,1,20,1,5,1,2,2,2,2,4,0,0
4,0,0,41,0,0,1,1,2,0,4,1,2,3,1,1,4,2,2
3,0,7,41,18,1,2,1,27,1,6,1,3,8,8,0,0,2,2
3,0,2,56,32,0,2,1,8,0,6,0,0,1,1,0,8,2,2
5,0,1,28,15,1,1,2,3,0,8,1,3,3,2,1,1,2,2
1,2,3,25,18,1,2,1,10,0,9,0,0,2,8,1,2,0,0
1,2,2,44,21,1,1,1,19,9,4,1,1,1,1,0,0,1,1
1,2,0,34,0,1,2,2,10,1,3,2,1,2,1,1,4,2,2
3,0,0,58,0,3,1,1,21,1,4,1,2,2,2,0,3,2,2
3,0,2,57,25,1,1,2,18,1,4,0,0,1,1,1,3,0,0
5,0,0,19,0,1,2,2,3,0,6,0,0,8,1,0,2,2,2
3,0,0,68,0,1,1,1,15,9,4,1,1,3,1,1,0,1,1
1,2,4,43,27,4,1,1,23,3,6,2,2,2,2,0,1,1,1
5,0,0,64,0,3,1,1,8,0,5,1,2,1,2,1,1,0,0
5,0,0,43,0,1,1,1,15,1,3,0,0,8,1,1,1,0,0
1,2,0,28,0,4,2,3,21,1,2,1,2,1,1,0,0,2,2
5,0,0,23,0,3,2,1,2,0,4,0,0,1,1,1,0,1,8
2,2,2,51,21,1,1,1,17,0,5,1,1,1,1,1,4,0,0
5,0,2,37,20,1,2,1,4,0,4,0,0,1,1,0,2,2,2
5,0,0,31,0,2,1,1,19,1,4,1,1,1,1,0,0,2,2
3,0,1,44,32,4,2,1,26,1,2,0,0,1,1,0,1,1,1
5,0,0,24,0,1,1,1,98,1,3,0,0,1,1,1,0,0,0
5,0,0,22,0,1,1,1,2,1,1,1,3,1,1,0,0,2,2
5,0,0,22,0,1,1,1,2,9,2,0,0,2,1,0,0,2,2
5,0,0,24,0,3,1,2,5,1,3,0,0,1,1,1,0,0,0
5,0,2,23,19,1,1,1,15,0,4,1,2,2,2,0,1,2,2
1,2,2,40,25,1,2,1,14,1,3,0,0,1,1,1,1,2,2
2,1,3,78,19,1,2,1,15,1,4,0,0,2,1,0,0,1,1
3,0,2,62,25,1,1,1,20,0,4,1,1,2,3,1,1,2,2
1,2,2,55,26,2,1,1,21,1,1,0,0,1,1,1,4,0,0
5,0,2,27,20,2,1,1,18,1,2,1,2,1,1,0,2,2,2
1,2,0,25,0,1,2,3,19,0,4,1,3,2,1,1,1,0,0
3,0,1,52,42,3,1,1,19,0,5,0,0,1,2,0,2,1,1
3,0,3,54,18,1,1,2,14,3,4,0,0,2,1,1,0,0,0
3,0,5,76,17,1,2,1,8,2,4,1,2,2,2,0,0,2,2
5,0,0,52,0,1,1,1,9,0,4,0,0,1,2,1,1,2,2
5,0,1,41,39,3,1,2,16,0,4,0,0,2,1,1,2,0,0
5,0,0,50,0,3,2,1,18,2,5,0,0,1,1,2,1,2,2
1,1,2,43,21,4,2,1,20,2,5,1,2,2,1,1,2,0,0
1,2,0,69,0,1,1,1,20,2,4,0,0,1,1,2,1,0,0
1,2,2,51,25,1,2,1,21,2,5,1,1,2,2,0,0,1,1
1,2,3,74,23,1,1,1,20,2,4,0,0,1,1,2,0,0,0
1,2,2,48,21,1,2,1,21,2,7,3,1,2,2,0,1,1,1
1,1,2,63,24,1,2,1,21,1,2,1,2,1,1,1,3,0,0
1,2,3,59,23,3,2,1,21,2,7,2,1,2,2,0,1,1,1
5,0,0,24,0,3,1,1,18,0,3,0,0,1,1,1,1,2,2
3,0,0,65,0,1,1,1,2,0,5,3,3,1,3,2,0,2,2
5,0,1,63,16,1,2,2,10,1,5,0,0,2,8,1,2,0,0
3,0,0,39,0,3,2,1,19,0,4,0,0,2,2,2,2,3,3
2,2,2,66,17,0,2,2,1,0,9,0,0,1,9,0,3,2,2
1,2,4,38,28,4,1,1,24,1,3,1,3,1,1,1,2,2,2
2,1,1,63,22,3,2,1,18,1,4,1,1,2,2,1,1,0,0
3,0,1,89,23,1,2,1,12,1,4,0,0,1,2,0,0,2,2
5,0,6,63,18,0,1,2,10,1,7,0,0,1,1,1,4,0,0
2,2,2,58,22,1,1,1,18,2,5,8,1,2,1,0,2,1,2
5,0,1,25,24,1,1,1,13,0,4,1,1,2,1,1,4,1,1
1,2,3,51,23,1,1,1,22,2,7,0,0,2,3,2,1,1,1
3,0,1,69,17,1,2,1,15,1,5,0,0,2,2,0,2,2,2
1,2,2,45,27,4,2,1,26,2,5,1,1,1,2,1,1,1,2
1,2,2,58,28,3,2,1,24,2,6,1,2,2,1,2,0,0,0
2,1,1,73,30,1,2,1,22,1,3,0,0,2,1,0,1,2,2
2,2,3,64,26,1,2,1,21,3,5,0,0,2,1,1,0,0,0
1,2,2,35,26,3,2,1,21,1,4,1,8,8,1,1,1,0,0
1,2,2,68,24,1,1,1,14,1,4,0,0,2,1,0,0,1,2
5,0,0,61,0,3,2,1,20,1,4,0,0,1,1,1,1,0,0
5,0,0,86,0,4,2,1,2,1,4,1,3,2,2,0,0,2,2
1,2,2,54,36,1,1,1,25,2,7,0,0,2,3,2,2,2,2
1,2,3,47,24,3,2,1,25,1,1,1,3,1,1,1,1,0,0
1,2,4,65,21,1,2,1,21,1,4,1,2,2,2,1,0,1,2
1,2,5,63,21,3,1,1,26,2,4,0,0,2,2,8,1,0,0
2,2,2,67,27,1,2,1,19,2,7,0,0,2,1,1,0,2,2
1,2,2,64,31,0,1,1,19,2,6,0,0,8,1,1,1,0,0
1,2,1,23,20,1,2,1,19,0,4,0,0,2,2,0,2,2,2
1,2,0,27,0,1,1,2,16,0,4,0,0,1,3,1,2,0,0
5,0,1,26,24,1,2,1,18,0,5,1,1,1,1,0,3,2,2
1,1,0,41,0,1,1,1,22,2,8,0,0,2,1,1,1,1,1
5,0,0,20,0,1,1,1,25,0,4,1,3,2,2,1,2,0,0
3,0,0,54,0,1,1,1,22,4,4,0,0,2,3,1,2,0,0
2,2,5,86,24,3,2,1,17,1,1,1,3,1,1,0,0,2,2
3,0,2,68,21,1,2,1,13,0,5,1,2,2,2,2,0,0,0
3,0,2,54,32,0,2,1,18,2,2,0,0,1,3,0,2,1,1
1,2,0,51,0,0,1,3,17,1,2,1,3,2,2,2,1,2,2
1,2,1,61,21,1,1,1,26,1,1,0,0,1,1,1,0,2,2
2,2,4,89,28,1,1,1,18,2,6,3,2,2,3,2,0,0,0
1,1,3,54,24,1,2,1,15,9,6,1,8,1,1,2,1,2,2
5,0,0,72,0,4,1,1,19,1,5,0,0,2,1,1,0,2,2
5,0,0,19,0,1,2,1,18,0,6,1,1,2,1,1,0,0,0
1,2,2,59,29,3,1,1,23,2,6,2,1,8,2,1,1,2,2
5,0,1,31,21,1,2,1,15,0,5,0,0,8,2,2,3,2,2
5,0,1,23,19,1,2,1,15,8,4,0,0,2,1,1,1,0,0
2,2,3,55,24,2,2,1,13,2,7,2,1,2,2,2,1,0,0
1,2,3,34,26,3,2,1,25,0,4,8,2,1,2,0,2,1,1
1,1,2,37,26,2,2,1,21,2,4,0,0,2,2,1,2,2,2
1,2,2,30,25,3,2,1,23,4,4,0,0,2,1,0,1,1,1
1,2,3,33,29,3,2,1,23,0,5,1,2,2,2,0,2,1,2
3,0,0,48,0,3,1,1,20,2,7,0,0,2,2,0,2,1,1
1,2,2,60,20,3,2,1,20,2,7,0,0,1,1,0,2,1,1
1,2,4,47,22,4,2,1,22,0,3,1,2,2,1,2,1,1,2
3,0,0,52,0,1,2,1,19,0,4,0,0,8,8,1,4,0,0
1,1,2,67,21,1,1,1,20,1,4,0,0,1,1,1,0,1,1
5,0,2,29,22,1,1,1,20,2,5,1,3,2,1,1,2,0,0
5,0,1,31,23,1,2,1,8,0,3,8,1,8,8,0,1,2,2
1,2,3,36,29,3,1,1,23,2,6,0,0,8,2,2,2,1,1
5,0,0,64,0,2,2,1,21,1,2,0,0,1,1,1,2,0,0
2,2,2,89,24,3,2,1,27,9,4,2,2,2,2,0,0,2,2
1,2,2,63,19,3,2,1,21,1,4,1,2,2,1,1,1,2,2
5,0,1,24,23,1,1,2,16,0,4,1,1,2,1,0,4,2,2
3,0,3,35,26,2,2,1,18,1,2,0,0,2,1,1,2,2,2
1,2,4,82,21,1,2,1,18,2,6,2,1,2,2,2,0,0,0
1,2,5,66,27,3,1,1,23,2,5,0,0,3,2,0,2,1,2
1,2,1,47,31,3,2,1,24,2,6,2,1,2,2,2,1,0,0
1,1,5,53,32,3,1,2,22,1,4,1,2,1,1,1,1,1,1
1,2,2,70,29,4,2,1,21,2,5,0,0,2,2,1,1,0,0
1,2,3,32,24,3,2,1,20,1,3,0,0,2,1,2,1,2,2
5,0,0,26,0,1,2,1,13,8,4,0,0,1,1,0,2,2,2
1,2,2,35,28,3,2,1,23,8,4,1,2,1,1,2,2,1,1
1,2,1,59,34,4,1,1,25,2,4,1,2,1,1,0,1,2,2
1,1,4,55,30,0,1,1,20,1,4,0,0,2,1,0,1,2,2
1,2,2,41,27,3,2,1,23,1,4,1,3,1,2,1,2,1,2
2,2,2,85,19,3,1,1,17,0,4,1,3,1,1,0,0,1,1
3,0,2,50,23,3,2,3,20,1,5,1,3,1,1,1,2,0,0
4,0,3,56,27,1,1,1,8,0,4,1,2,2,2,1,1,2,2
2,2,6,77,19,1,1,1,16,2,6,1,1,2,2,0,0,2,2
3,0,0,49,0,1,1,1,17,2,4,0,0,1,1,1,2,2,2
3,0,2,57,21,1,1,1,22,3,3,2,3,3,2,1,2,0,0
3,0,2,66,28,1,1,1,11,1,2,0,0,1,1,0,0,2,2
5,0,1,56,25,1,1,2,9,0,3,1,3,1,1,1,1,2,2
1,2,8,55,33,2,1,1,11,9,7,0,0,1,8,2,1,0,0
3,0,1,45,30,3,1,1,25,2,7,0,0,2,3,0,2,1,1
1,1,0,66,0,2,1,1,13,2,5,3,1,2,1,0,0,1,2
1,1,0,60,0,1,1,1,27,0,4,1,2,3,1,1,1,0,0
1,1,5,58,24,1,2,1,25,9,6,0,0,1,1,0,1,1,1
1,2,3,28,17,1,2,1,27,0,4,1,1,1,8,1,1,1,9
1,2,2,45,21,4,2,1,23,1,5,0,0,1,1,1,1,0,0
1,2,2,87,34,0,2,1,15,2,5,2,1,2,8,0,0,3,3
3,0,4,56,23,3,2,1,24,2,6,0,0,3,2,2,4,1,2
5,0,0,24,0,1,1,1,16,0,4,1,2,1,2,1,4,0,0
1,1,1,72,40,1,2,1,20,2,6,0,0,8,3,0,0,3,3
5,0,2,49,27,3,2,2,19,1,4,0,0,2,2,0,1,2,2
5,0,0,25,0,1,2,2,11,0,8,2,8,8,8,1,1,2,2
5,0,1,53,19,0,1,2,9,9,6,0,0,1,1,1,0,1,2
5,0,1,23,18,0,1,2,13,0,8,0,0,2,1,0,2,2,2
5,0,3,23,20,1,2,2,13,1,4,1,2,3,3,2,4,1,1
1,1,3,73,19,2,2,1,21,2,4,0,0,2,2,0,2,1,2
1,1,2,18,18,1,2,1,27,9,6,0,0,1,2,2,1,1,1
3,0,2,58,20,2,1,1,17,2,6,0,0,2,2,2,0,0,0
3,0,3,85,22,3,1,1,16,2,6,8,1,1,1,0,0,1,1
5,0,0,25,0,1,1,1,12,2,5,8,8,8,1,1,1,0,0
3,0,3,72,32,3,2,1,23,1,2,0,0,2,1,1,1,0,0
5,0,0,70,0,1,2,1,6,2,6,1,1,2,2,0,0,2,2
3,0,4,62,18,1,2,2,14,1,8,8,8,8,8,1,1,0,0
2,2,1,85,30,4,1,2,18,1,4,1,2,2,2,1,0,1,1
5,0,3,39,20,2,2,1,9,1,6,0,0,2,1,1,1,0,0
2,1,4,68,22,1,1,2,18,1,2,0,0,1,1,2,2,2,2
3,0,2,64,42,1,2,1,15,2,5,0,0,2,8,0,2,2,2
2,2,3,75,30,1,1,1,18,1,6,2,1,1,1,8,0,1,1
1,2,3,55,30,0,1,1,8,2,8,0,0,2,1,8,0,0,0
1,2,6,35,17,1,1,2,17,0,4,2,1,3,2,2,1,0,0
5,0,1,24,21,1,2,1,3,0,6,1,1,3,8,0,2,2,2
5,0,1,27,25,1,1,1,15,2,6,1,1,2,2,1,2,1,1
1,2,1,28,22,1,2,1,22,1,4,2,2,2,2,0,2,2,2
3,0,0,61,0,4,1,1,19,2,5,1,3,1,2,1,0,0,0
1,2,2,67,22,1,2,1,26,2,5,8,1,1,1,8,1,1,1
2,2,8,80,98,0,1,1,18,2,5,0,0,2,2,2,0,0,0
2,2,2,86,30,4,2,1,20,1,2,0,0,1,2,2,1,1,2
1,2,0,33,0,1,2,3,13,0,2,0,0,2,2,0,2,2,2
5,0,1,28,22,3,2,1,19,0,4,1,3,1,1,1,2,2,2
3,0,3,30,18,1,2,1,7,0,4,1,1,2,3,0,4,2,2
5,0,0,23,0,1,2,1,2,0,2,0,0,1,1,1,0,2,2
1,2,2,45,33,4,2,3,21,0,8,1,8,8,2,2,2,0,0
3,0,2,77,18,0,1,1,24,2,6,0,0,2,2,0,1,1,2
1,1,3,39,17,0,2,1,19,0,8,0,0,2,1,1,2,0,0
1,1,3,81,20,1,1,1,18,2,6,0,0,2,1,2,0,1,2
4,0,5,32,16,0,2,3,4,0,8,0,0,1,8,0,1,2,2
1,2,1,34,18,0,1,1,20,0,4,0,0,2,1,1,1,2,2
5,0,2,39,23,2,2,1,20,1,4,0,0,2,2,0,0,2,2
3,0,2,59,22,1,2,3,18,1,4,1,1,2,1,1,2,1,1
3,0,4,49,21,3,1,3,25,0,6,1,1,2,1,0,3,1,2
1,2,3,84,25,3,1,1,18,2,5,0,0,2,2,8,0,1,1
5,0,0,24,0,0,2,1,15,0,4,1,1,2,1,1,2,0,0
1,1,2,52,25,1,1,3,18,0,5,0,0,2,2,0,1,2,2
1,1,3,36,16,1,2,1,21,0,4,0,0,1,2,2,1,0,0
1,2,4,30,18,0,2,3,16,0,1,2,3,8,1,2,1,0,0
5,0,3,67,20,1,2,2,10,1,7,0,0,1,1,0,0,2,2
5,0,0,18,0,0,1,1,19,0,1,1,2,2,1,1,0,2,2
5,0,1,53,16,1,2,2,18,0,4,0,0,2,2,2,1,0,0
4,0,3,49,20,1,2,1,5,0,4,0,0,2,2,8,1,2,2
5,0,3,24,19,1,2,2,10,0,4,0,0,2,2,0,2,2,2
4,0,8,72,15,0,2,3,7,0,4,1,2,1,2,2,0,2,2
1,2,3,54,21,1,2,1,16,0,4,1,1,2,2,0,1,2,2
5,0,0,21,0,1,1,3,6,0,3,2,1,2,2,0,1,2,2
1,2,4,34,23,1,1,3,21,0,5,1,3,2,2,1,1,0,0
3,0,2,60,21,1,2,1,20,0,4,0,0,2,2,0,4,2,2
1,2,2,25,19,1,2,1,23,2,6,1,8,1,1,1,3,1,1
3,0,3,53,19,1,2,3,23,1,6,0,0,2,2,2,1,0,0
1,2,2,33,24,1,1,1,22,0,4,1,3,3,1,0,1,1,1
1,2,8,30,18,1,2,3,17,0,4,0,0,2,2,1,1,2,2
3,0,3,43,21,1,1,3,16,0,3,2,3,2,2,1,1,2,2
5,0,1,27,20,0,1,3,18,0,4,0,0,2,2,1,1,0,0
5,0,1,57,30,1,1,2,14,0,4,0,0,1,1,2,0,2,2
5,0,4,43,16,0,2,3,2,0,5,2,1,3,2,1,2,0,0
3,0,2,49,30,1,2,3,9,0,5,1,2,2,2,0,2,2,2
3,0,6,61,17,0,2,1,14,2,4,0,0,1,1,1,2,2,2
4,0,2,39,24,1,1,3,20,0,3,1,1,3,2,1,2,2,2
3,0,2,54,19,1,2,1,15,0,7,0,0,2,2,1,1,0,0
1,9,5,55,22,0,2,3,24,0,3,0,0,8,1,0,1,2,2
5,0,0,54,0,1,1,2,4,1,6,0,0,2,2,1,3,0,0
1,1,3,49,22,0,1,3,21,1,4,2,2,2,2,1,1,0,0
3,0,5,77,20,1,2,2,8,0,4,0,0,8,2,2,0,0,0
1,2,5,80,18,1,2,1,25,0,6,1,3,3,2,0,1,2,2
1,2,3,43,23,0,1,1,21,0,4,0,0,1,1,2,1,2,2
2,2,3,45,18,0,2,3,9,0,1,0,0,2,2,0,2,2,2
1,2,4,33,23,1,1,2,20,0,4,1,1,3,2,0,2,2,2
3,0,0,51,0,1,1,1,23,2,4,0,0,2,1,2,3,1,1
5,0,3,34,17,1,2,1,17,0,4,1,2,1,1,1,2,2,2
1,2,0,28,0,3,1,1,24,2,5,0,0,1,2,1,1,1,1
1,1,1,35,27,2,2,1,22,2,6,3,1,1,2,1,1,0,0
2,2,3,61,28,3,1,1,26,0,4,0,0,1,2,0,2,1,1
1,2,0,35,0,4,2,1,21,3,4,1,1,1,2,0,1,1,1
3,0,0,66,0,1,2,1,19,1,1,1,9,1,1,1,1,0,0
3,0,2,43,20,1,1,1,22,3,5,2,2,2,2,0,1,1,1
5,0,0,20,0,1,1,1,12,0,1,0,0,2,1,1,3,2,2
1,2,0,60,0,4,1,1,27,9,4,0,0,2,1,0,0,2,2
1,2,2,64,27,2,2,1,25,2,6,3,1,2,2,2,0,1,1
5,0,0,34,0,1,1,3,98,0,4,0,0,1,1,0,2,1,1
5,0,0,60,0,1,1,1,18,1,4,0,0,1,2,1,2,0,0
5,0,0,34,0,1,1,1,19,0,4,2,2,2,2,2,1,0,0
1,2,1,31,27,1,2,1,20,3,4,1,2,1,2,1,3,1,1
5,0,0,24,0,1,1,1,20,1,4,1,2,1,2,2,1,0,0
3,0,4,64,18,3,2,3,21,1,2,0,0,2,1,0,1,2,2
5,0,2,38,33,2,2,1,27,1,4,1,2,1,1,1,2,2,2
5,0,3,56,21,0,1,1,18,2,5,1,1,1,1,0,2,1,1
3,0,0,60,0,3,2,1,21,0,4,0,0,1,1,8,1,2,2
5,0,1,27,25,1,1,1,21,0,4,0,0,1,1,0,1,1,1
5,0,0,25,0,1,2,1,18,0,3,1,1,2,1,1,2,2,2
5,0,1,38,25,1,1,3,27,0,9,1,2,2,1,0,2,1,1
3,0,1,71,40,3,2,3,19,2,6,1,1,1,1,0,1,2,2
1,1,1,73,19,1,1,1,23,1,3,0,0,2,2,0,1,1,1
1,2,2,61,39,4,2,1,23,1,2,8,8,8,1,1,0,2,2
4,0,3,30,18,0,2,1,27,0,1,0,0,2,2,2,3,0,0
3,0,1,66,29,4,2,1,17,1,1,1,3,2,2,1,0,0,0
3,0,4,53,17,1,2,1,11,0,5,0,0,1,1,0,2,2,2
1,2,4,41,30,3,1,1,98,0,3,1,3,1,1,1,1,2,2
1,2,4,56,29,4,2,1,26,2,5,1,1,2,2,0,1,1,1
1,2,0,26,0,3,2,1,23,1,3,1,2,1,1,2,3,1,1
1,1,3,39,28,3,1,1,25,0,4,1,2,1,1,0,0,1,1
1,2,2,60,44,3,2,1,98,2,6,3,1,2,3,0,1,3,3
1,2,2,56,29,4,1,1,24,2,5,0,0,1,3,0,1,2,2
5,0,0,18,0,1,2,1,98,0,2,1,2,2,1,8,0,2,2
1,2,3,62,25,4,2,1,20,2,5,1,1,2,1,0,0,2,2
1,2,1,48,30,1,2,1,21,0,4,0,0,1,1,1,1,1,1
1,2,2,44,35,4,2,1,24,0,5,0,0,2,2,1,2,0,0
1,2,1,55,35,4,1,1,26,1,4,1,3,1,1,0,2,2,2
5,0,0,21,0,1,1,1,2,1,4,0,0,1,1,1,0,0,0
5,0,0,24,0,3,1,1,10,9,2,1,3,1,1,0,3,2,2
1,1,1,36,35,1,1,1,16,2,6,0,0,1,1,1,2,0,0
5,0,0,29,0,3,1,1,22,3,4,2,3,1,2,0,4,1,1
3,0,1,66,21,1,2,3,9,1,4,0,0,2,1,1,0,2,2
3,0,2,33,28,3,2,1,19,2,6,0,0,2,2,0,2,2,2
3,0,0,58,0,2,1,1,10,2,4,1,2,1,1,1,0,2,2
3,0,2,76,22,1,2,1,98,2,6,2,2,2,1,0,0,2,2
5,0,1,46,32,1,1,1,19,0,6,1,1,3,1,1,2,0,0
5,0,1,30,28,1,2,1,19,0,4,0,0,1,1,0,3,2,2
3,0,2,49,25,3,2,1,20,8,5,0,0,1,1,2,1,0,0
3,0,6,51,21,2,1,1,17,2,4,1,2,2,1,0,3,1,1
1,1,5,63,22,1,1,1,11,2,2,0,0,8,2,1,0,1,1
1,1,0,39,0,1,1,1,22,0,1,0,0,1,1,0,2,2,2
3,0,4,69,21,1,2,3,16,2,6,3,3,2,2,2,1,2,2
1,2,2,24,17,1,1,1,17,0,8,2,2,2,1,0,1,2,2
1,2,9,99,99,4,1,3,27,8,6,0,0,2,2,0,1,3,3
3,0,4,42,19,0,2,3,21,0,4,0,0,2,2,2,2,0,0
1,1,3,30,20,1,1,3,18,0,4,0,0,1,2,0,2,2,2
1,2,3,32,18,1,2,1,20,1,4,1,3,2,2,0,1,2,2
1,2,4,41,27,0,2,3,14,0,5,2,2,2,2,1,1,0,0
3,0,0,67,0,1,2,1,13,1,3,0,0,1,2,0,0,2,2
3,0,5,28,19,1,2,1,13,0,4,1,1,2,2,2,2,2,2
5,0,0,60,0,3,2,3,27,1,4,0,0,1,1,8,0,2,2
3,0,0,51,0,1,2,1,23,0,3,2,2,2,1,0,1,2,2
5,0,0,32,0,1,1,1,21,1,4,0,0,1,1,1,2,2,2
5,0,1,28,22,1,1,2,11,1,4,0,0,2,1,0,4,1,1
1,2,4,59,24,1,1,1,19,2,4,3,1,1,1,2,3,3,3
1,2,5,38,22,0,2,1,27,0,2,0,0,8,2,2,2,0,0
1,2,1,70,23,1,2,1,21,2,4,1,1,1,1,0,0,1,1
5,0,5,36,20,2,1,2,16,0,4,0,0,2,2,1,1,2,2
5,0,2,29,22,3,1,1,18,2,4,2,3,1,2,1,2,0,0
4,0,4,59,23,0,1,3,8,0,2,0,0,1,1,0,3,2,2
1,2,3,42,24,0,2,3,15,0,5,1,8,1,1,8,2,2,2
5,0,0,60,0,1,1,3,9,1,4,0,0,3,3,2,1,0,0
4,0,4,56,17,1,1,1,2,1,1,2,3,2,1,0,0,2,2
5,0,0,34,0,4,1,1,21,1,4,0,0,1,1,1,1,1,2
5,0,1,32,31,3,2,1,18,0,1,1,3,1,1,1,2,0,0
5,0,0,22,0,1,2,2,98,0,4,1,1,2,3,1,3,2,2
1,2,3,35,16,1,2,3,15,1,3,0,0,2,1,1,2,0,0
5,0,2,22,16,1,2,2,10,0,4,0,0,3,1,1,1,2,2
5,0,0,25,0,1,2,1,5,0,4,0,0,3,2,0,2,2,2
5,0,5,44,28,1,1,3,14,0,1,1,3,2,1,1,1,2,2
3,0,3,66,23,1,2,3,19,1,4,0,0,2,1,8,0,0,0
5,0,0,44,0,0,1,3,8,0,6,1,2,2,1,0,1,2,2
2,2,2,47,30,0,1,3,5,0,4,0,0,3,3,2,2,2,2
5,0,1,21,19,1,1,1,27,0,4,0,0,8,1,0,2,2,2
3,0,3,43,23,0,2,1,17,0,4,2,2,2,2,0,2,2,2
3,0,2,51,31,0,1,1,9,0,4,1,1,2,2,0,0,2,2
1,2,3,67,33,2,2,1,22,1,3,1,2,2,1,1,0,0,0
1,1,7,71,17,1,1,1,19,1,3,0,0,1,1,1,0,0,0
2,2,4,85,21,3,2,1,19,1,1,0,0,1,1,1,0,1,1
3,0,2,72,21,4,2,1,17,1,1,1,3,1,1,1,1,0,0
5,0,2,51,38,1,2,3,15,1,2,0,0,1,1,1,0,0,0
1,1,6,81,22,0,1,3,10,2,7,2,1,2,1,0,0,1,9
3,0,2,60,33,1,2,1,18,1,2,0,0,1,1,8,1,0,0
1,1,2,56,26,3,2,1,26,2,6,1,2,2,2,2,1,0,0
1,2,2,55,26,3,2,1,23,2,6,0,0,1,2,2,1,0,0
1,2,0,49,0,1,1,1,19,1,3,1,3,8,1,0,0,2,2
1,1,1,64,20,2,2,1,19,2,6,0,0,2,2,2,1,0,0
5,0,0,29,0,3,2,3,9,3,2,0,0,2,1,1,2,2,2
4,0,3,46,30,4,2,1,20,1,3,1,2,1,1,2,2,0,0
5,0,0,19,0,1,2,1,5,0,2,0,0,1,1,1,0,2,2
5,0,0,19,0,1,2,3,8,0,4,1,3,1,1,1,0,0,0
5,0,0,19,0,1,1,1,1,0,2,0,0,1,1,0,0,2,2
1,2,2,41,35,3,2,1,23,2,6,0,0,2,2,2,2,0,0
5,0,0,25,0,3,1,1,12,1,2,0,0,1,1,1,1,2,2
1,2,2,73,23,1,1,1,27,9,5,0,0,2,3,0,0,1,9
1,1,3,74,24,1,1,1,18,3,4,0,0,2,2,1,0,0,0
1,9,0,53,0,1,2,1,13,2,7,0,0,3,3,1,2,0,0
3,0,2,49,21,1,2,1,21,2,6,2,1,3,1,0,2,1,1
1,1,3,69,20,1,1,1,20,2,4,0,0,1,1,2,0,1,1
1,2,2,55,30,3,1,1,26,2,6,2,2,2,2,2,1,0,0
1,1,2,51,27,1,1,1,23,1,4,0,0,1,1,0,1,1,1
5,0,0,68,0,2,1,1,16,8,4,0,0,1,1,2,0,0,0
1,1,0,66,0,2,2,1,21,2,7,1,2,2,1,0,0,1,1
3,0,3,63,22,3,1,3,18,2,6,2,2,2,2,1,0,0,0
3,0,2,57,30,2,1,1,22,1,1,0,0,1,1,0,1,1,1
1,2,2,44,30,4,1,1,26,2,5,2,3,1,3,2,1,1,1
5,0,0,26,0,3,2,2,20,0,1,1,8,2,1,0,9,3,3
5,0,0,44,0,4,1,1,18,3,2,0,0,2,1,1,1,2,2
3,0,3,58,24,4,2,1,25,1,4,0,0,1,1,0,1,2,2
3,0,1,41,20,2,2,1,13,0,4,0,0,1,1,1,1,0,0
1,2,2,24,21,3,1,1,8,3,6,0,0,1,1,1,0,1,2
1,2,0,28,0,2,2,1,21,0,3,1,3,2,1,0,1,2,2
5,0,1,36,32,3,2,1,18,0,3,1,2,2,1,1,2,0,0
1,2,2,34,25,2,1,1,19,3,2,1,3,1,1,1,1,2,2
1,2,0,25,0,1,2,1,16,0,1,0,0,1,1,1,1,0,0
1,1,2,62,20,1,2,3,22,1,1,0,0,2,2,1,2,2,2
5,0,1,33,25,1,2,1,16,3,2,1,3,1,1,1,2,0,0
5,0,1,37,22,1,1,1,15,3,3,0,0,1,1,0,3,2,2
4,0,0,36,0,0,1,1,16,2,6,2,1,1,2,1,1,2,2
3,0,0,41,0,1,1,1,13,0,8,1,3,1,1,0,4,2,2
3,0,4,61,22,1,2,3,26,0,2,1,1,2,1,1,1,0,0
1,1,1,71,24,4,1,1,26,2,7,3,1,1,3,0,1,1,1
1,2,0,53,0,4,1,1,26,1,2,1,8,1,1,1,3,0,0
3,0,2,44,30,1,1,3,16,1,4,0,0,1,1,0,2,2,2
3,0,2,50,24,2,1,3,19,0,4,2,2,3,3,2,2,2,2
3,0,3,75,20,0,1,1,11,1,2,0,0,3,1,1,0,0,0
2,2,2,69,17,1,2,3,19,2,5,0,0,1,1,1,0,1,1
1,2,3,63,31,3,2,1,23,2,6,0,0,1,1,0,2,1,2
2,2,2,80,16,1,2,3,10,1,1,0,0,1,1,1,1,0,0
1,1,3,66,24,1,1,1,20,2,4,1,2,1,2,0,2,1,2
4,0,0,35,0,1,1,1,18,2,6,0,0,3,3,0,1,1,1
1,2,0,44,0,1,1,1,18,3,5,3,3,3,3,1,1,3,3
2,2,6,81,19,1,2,1,10,3,2,1,2,2,2,0,0,2,2
1,2,4,76,21,1,1,1,20,2,6,0,0,2,3,2,0,3,3
1,2,2,34,23,1,2,1,22,9,4,2,1,1,1,1,2,3,3
5,0,0,18,0,0,1,1,15,0,7,2,1,2,1,0,3,2,2
5,0,0,36,0,1,1,1,15,0,2,0,0,1,1,1,2,2,2
3,0,1,70,19,2,2,1,11,2,6,0,0,1,2,2,0,0,0
1,2,3,41,18,0,2,1,18,0,4,0,0,1,1,1,2,1,2
1,2,3,34,21,1,2,1,27,2,7,3,1,8,2,8,2,0,0
3,0,0,57,0,1,1,1,18,0,5,1,3,1,2,0,2,1,1
5,0,3,30,20,1,2,1,13,0,4,0,0,2,8,1,2,1,2
4,0,3,56,17,2,2,1,17,0,4,1,8,8,1,8,3,0,0
5,0,2,53,21,1,2,1,19,0,5,0,0,1,1,0,2,2,2
1,2,3,54,25,3,2,1,19,2,6,0,0,2,2,2,1,0,0
2,1,0,70,0,1,2,1,20,2,4,2,1,2,1,1,0,0,0
5,0,0,37,0,1,1,3,3,0,4,1,2,2,1,1,1,1,1
1,1,6,59,21,0,1,3,4,0,4,0,0,2,2,1,0,0,0
4,0,2,51,19,1,2,1,13,0,7,2,3,3,1,2,2,0,0
1,2,2,52,20,2,2,1,19,0,4,2,1,8,1,1,1,3,3
3,0,3,53,33,1,2,1,10,2,7,0,0,2,1,1,4,0,0
3,0,3,60,18,1,2,1,12,8,5,0,0,1,2,1,0,2,2
5,0,0,18,0,0,2,1,98,0,3,2,1,2,2,9,0,0,0
1,1,3,33,21,0,2,1,13,0,1,0,0,1,1,0,1,2,2
5,0,0,22,0,1,1,1,13,0,6,1,3,1,2,1,2,0,0
3,0,6,53,19,1,2,1,14,1,4,0,0,2,2,0,1,2,2
2,1,2,66,22,1,2,1,16,1,3,2,1,2,2,2,0,2,2
5,0,0,28,0,4,1,1,19,1,3,0,0,2,1,1,2,0,0
1,2,2,27,19,1,2,1,21,0,4,1,1,2,1,0,2,1,1
2,2,2,89,22,1,1,1,98,2,8,0,0,8,8,2,0,1,2
1,2,2,26,21,1,1,2,15,0,2,0,0,1,2,1,1,0,0
1,2,0,28,0,1,2,1,9,2,4,1,2,2,2,0,3,1,2
1,1,2,66,27,2,2,1,19,2,6,2,1,2,2,1,4,0,0
1,2,2,59,25,1,1,1,19,2,6,0,0,8,2,0,3,3,3
1,2,4,80,23,3,1,1,22,2,6,0,0,2,2,1,0,0,0
1,2,3,75,24,1,2,1,27,2,6,2,2,1,1,0,1,3,3
1,2,2,73,22,1,2,1,15,0,4,1,1,2,2,1,0,0,0
1,1,5,64,21,1,1,1,19,3,4,0,0,1,1,2,1,0,0
1,1,3,36,19,2,1,3,20,2,6,0,0,2,2,1,1,1,2
1,1,0,65,0,0,1,1,12,2,6,0,0,2,1,0,0,1,2
2,2,3,82,22,1,1,1,16,2,2,0,0,2,8,2,0,0,0
5,0,1,29,26,1,2,1,10,0,4,1,2,1,1,1,2,2,2
1,2,1,37,21,3,1,1,22,1,3,0,0,1,2,1,2,0,0
1,2,4,39,25,3,1,1,24,3,4,2,2,1,3,0,2,1,1
1,2,2,40,30,2,2,1,24,8,6,0,0,2,1,1,1,3,3
1,2,3,39,23,3,2,1,24,2,4,2,3,2,2,1,1,0,0
1,2,2,63,21,1,2,1,22,2,6,3,2,1,3,1,0,1,1
1,2,2,39,27,1,2,1,11,2,5,1,1,1,1,0,3,2,2
5,0,1,33,16,2,2,1,26,0,3,0,0,2,1,1,1,2,2
3,0,4,57,18,1,2,1,16,1,5,0,0,1,1,0,1,1,1
2,2,2,44,30,2,2,1,26,0,5,1,1,2,1,1,1,1,1
1,2,2,43,99,2,2,1,27,9,4,1,1,1,2,0,1,3,3
1,2,3,48,33,3,1,1,24,0,6,0,0,2,2,2,1,2,2
5,0,0,27,0,1,1,1,20,3,4,1,2,1,1,1,1,1,1
2,2,6,59,25,1,2,1,18,1,3,0,0,1,1,1,0,2,2
1,2,3,46,25,1,1,3,23,2,4,0,0,1,2,0,1,1,1
1,2,3,51,21,2,1,1,19,4,5,0,0,1,1,2,2,0,0
1,1,2,63,21,3,1,1,20,2,4,0,0,2,2,2,2,2,2
2,2,2,76,24,1,2,1,25,0,6,0,0,1,2,0,0,2,2
1,2,2,56,22,3,2,1,26,2,6,3,2,1,3,2,1,1,1
1,2,4,39,21,1,1,1,19,2,6,3,1,9,2,0,1,1,1
5,0,3,34,20,2,2,1,10,0,4,0,0,1,1,1,1,1,1
1,2,2,36,25,1,2,1,10,0,4,0,0,1,2,0,1,2,2
5,0,0,51,0,1,2,1,10,0,4,2,2,3,1,1,2,0,0
2,2,1,62,19,3,1,1,14,1,2,0,0,1,1,1,0,1,2
2,1,1,75,23,1,2,2,19,1,4,0,0,2,2,0,1,2,2
3,0,1,68,47,1,1,1,10,2,2,0,0,2,1,1,0,0,0
2,1,4,79,19,1,2,1,10,8,4,3,2,2,8,2,0,0,0
3,0,2,66,19,1,2,1,98,1,6,0,0,3,3,2,0,0,0
1,2,1,20,18,0,2,1,9,0,4,0,0,1,1,1,1,1,2
1,2,3,74,18,1,2,1,21,2,5,2,1,2,1,2,0,0,0
4,0,4,48,21,1,2,2,18,1,4,0,0,1,1,1,2,0,0
1,1,2,52,25,1,2,1,14,2,4,0,0,1,2,1,1,2,2
2,2,4,87,23,1,1,1,17,2,6,1,2,2,2,2,0,1,1
1,2,3,39,24,2,1,1,15,0,5,0,0,1,2,1,1,2,2
1,1,3,35,20,1,2,2,19,1,4,1,3,1,2,1,9,0,0
5,0,0,30,0,1,2,1,14,2,5,1,2,2,2,1,2,1,2
5,0,0,20,0,1,2,1,19,0,5,0,0,2,2,1,0,1,1
1,2,0,49,0,1,2,1,19,2,6,2,1,2,1,1,1,0,0
1,2,3,36,26,3,2,1,15,1,4,0,0,2,1,2,3,2,2
1,1,2,40,19,0,1,1,18,0,6,2,1,1,2,2,1,0,0
1,1,2,62,26,1,1,1,24,1,2,0,0,2,1,0,0,1,1
5,0,0,22,0,1,2,1,13,0,6,0,0,2,1,1,2,0,0
1,2,2,38,34,4,2,1,22,1,2,1,2,2,1,0,1,1,1
1,2,3,59,28,4,1,1,20,2,7,0,0,2,3,1,1,1,2
1,2,0,25,0,1,2,1,18,0,4,1,2,1,2,1,2,0,0
1,1,2,55,20,1,2,1,11,0,2,0,0,2,2,0,2,2,2
1,2,3,37,24,1,2,1,22,2,4,1,1,2,2,2,2,1,1
1,2,2,72,23,4,2,1,21,2,7,0,0,1,1,2,1,0,0
1,1,5,58,16,0,2,1,98,0,2,2,1,1,1,0,1,2,2
1,2,2,65,21,1,2,1,13,0,4,1,1,2,1,2,1,0,0
1,2,0,46,0,1,2,1,18,0,5,1,2,2,8,1,1,2,2
1,1,3,50,21,1,2,1,20,0,4,0,0,2,1,1,1,0,0
1,2,0,85,0,1,1,1,18,2,4,0,0,1,1,2,0,1,1
1,2,1,73,24,3,1,1,8,2,1,0,0,1,3,0,0,1,1
2,1,2,89,25,1,1,1,24,2,6,2,1,1,1,2,1,3,3
2,1,0,69,0,1,1,1,14,1,4,0,0,8,1,1,0,1,2
3,0,3,71,24,1,1,1,27,1,2,0,0,1,1,1,0,0,0
1,1,1,66,21,1,2,1,20,2,7,3,1,2,1,0,1,3,3
5,0,0,19,0,0,1,1,23,0,7,2,8,8,2,2,0,0,0
1,2,3,56,21,0,1,1,27,9,8,0,0,3,2,0,0,2,2
3,0,5,46,19,0,1,1,16,2,4,0,0,2,3,2,2,0,0
1,1,5,49,17,1,2,1,19,2,6,0,0,2,1,2,0,0,0
5,0,7,34,16,1,2,1,15,0,1,0,0,2,1,1,1,2,2
1,2,1,31,29,1,2,1,21,0,4,1,2,2,1,1,2,0,0
5,0,0,32,0,1,2,2,15,1,5,0,0,2,3,1,1,0,0
5,0,0,26,0,3,1,1,16,3,2,1,2,1,1,0,1,2,2
4,0,8,53,20,1,1,1,26,1,4,0,0,2,2,0,2,2,2
5,0,0,49,0,1,1,1,98,2,8,1,1,1,1,1,4,2,2
5,0,0,20,0,1,2,2,1,0,4,8,2,3,3,0,2,2,2
3,0,2,39,23,1,2,1,18,2,5,0,0,3,3,2,2,2,2
1,2,2,38,24,1,2,1,21,0,2,0,0,1,3,0,2,2,2
5,0,0,33,0,4,1,1,21,2,4,0,0,1,1,1,4,0,0
1,1,1,63,21,1,1,1,20,2,6,3,3,3,3,8,1,0,0
1,1,7,82,23,0,1,1,14,1,3,0,0,3,1,0,0,1,2
5,0,3,47,18,1,2,1,15,0,4,1,3,2,1,1,1,1,2
1,1,2,38,35,2,1,1,9,2,6,1,1,3,1,0,1,1,1
5,0,1,25,22,1,1,2,19,0,4,0,0,3,1,0,3,2,2
5,0,1,55,19,0,2,2,20,0,7,0,0,2,1,2,1,0,0
1,2,3,55,20,1,2,3,22,2,7,1,2,3,2,1,1,2,2
5,0,0,74,0,3,2,1,19,2,6,0,0,2,2,0,0,2,2
1,2,3,77,21,1,1,1,23,2,5,2,1,1,1,0,0,1,1
2,2,4,61,19,1,2,1,26,2,4,0,0,3,1,0,1,1,1
5,0,1,29,19,1,1,1,22,2,6,2,2,2,2,1,1,3,3
1,2,2,29,23,1,2,1,20,0,4,1,1,2,2,0,1,1,2
5,0,3,31,23,1,2,3,18,0,4,1,1,1,1,2,1,0,0
3,0,2,37,24,1,2,1,12,0,4,1,2,1,1,1,1,2,2
3,0,4,74,23,1,1,1,10,2,4,0,0,1,1,2,0,0,0
2,2,4,80,24,2,2,1,13,2,6,2,1,1,2,0,1,2,2
2,2,6,78,18,1,2,1,13,2,3,1,8,8,8,2,0,2,2
1,1,2,59,22,1,1,1,15,0,4,0,0,2,1,1,0,1,1
1,1,3,39,26,1,2,1,17,2,3,1,3,1,1,1,1,0,0
3,0,2,59,19,1,1,1,6,2,4,8,1,2,2,2,0,0,0
1,1,3,52,22,1,1,1,24,2,5,0,0,2,1,2,1,0,0
1,2,7,44,23,3,2,1,21,2,6,2,2,2,2,0,1,1,2
5,0,1,36,27,1,2,1,16,0,3,2,8,8,2,1,1,0,0
1,1,3,83,22,1,1,1,13,1,1,0,0,1,1,0,0,1,1
3,0,0,47,0,1,2,1,18,2,4,1,1,2,2,0,2,1,1
1,1,3,65,28,1,1,1,23,1,5,2,1,1,1,2,1,0,0
1,2,2,37,27,1,1,1,21,0,5,1,1,2,2,0,1,1,1
1,2,2,56,33,3,2,1,21,1,2,1,3,2,1,2,1,0,0
1,2,1,40,30,1,1,1,21,2,6,2,2,2,3,0,1,1,1
1,2,2,39,30,4,1,1,22,1,2,0,0,2,1,1,1,2,2
5,0,0,30,0,3,2,1,10,0,4,0,0,2,1,0,2,2,2
5,0,0,29,0,4,1,3,5,0,4,0,0,3,1,2,0,2,2
5,0,0,24,0,1,2,3,27,9,6,1,2,2,1,0,2,2,2
4,0,3,59,18,1,2,1,9,0,4,2,1,1,1,1,0,0,0
1,2,3,44,30,1,1,1,22,9,5,1,2,1,1,2,2,0,0
3,0,1,59,32,3,1,2,19,3,3,0,0,1,1,0,0,2,2
5,0,0,39,0,4,1,1,17,1,1,1,3,2,1,1,2,1,2
3,0,1,72,26,1,2,1,9,2,4,0,0,3,3,2,0,0,0
3,0,2,56,23,1,2,1,14,2,4,3,2,8,1,0,1,2,2
3,0,3,36,22,1,2,1,20,2,4,8,3,1,2,1,2,0,0
1,2,3,82,27,1,1,1,15,1,2,0,0,1,1,2,0,0,0
5,0,3,35,19,1,2,1,11,0,4,0,0,2,2,1,4,2,2
1,2,2,37,25,2,1,1,21,0,4,3,2,2,1,8,2,0,0
1,1,1,62,29,1,1,1,25,3,4,0,0,1,1,0,2,1,1
1,1,1,33,29,4,2,1,24,0,5,1,1,1,1,1,1,1,1
5,0,0,25,0,1,1,1,8,2,6,0,0,2,3,1,1,0,0
1,2,0,40,0,2,2,1,21,3,4,1,2,1,1,0,2,1,1
3,0,1,63,35,2,2,1,16,2,5,0,0,2,2,2,0,1,2
1,2,2,50,32,4,2,1,21,2,4,1,8,2,1,1,2,1,1
1,1,0,71,0,1,1,1,21,2,6,0,0,1,2,1,0,0,0
2,2,3,77,25,0,1,1,1,2,1,3,2,3,3,0,0,2,2
5,0,0,33,0,1,1,1,1,0,4,0,0,1,1,1,3,2,2
5,0,0,54,0,1,1,1,18,2,6,1,1,3,3,2,2,0,0
1,2,4,41,26,1,1,1,24,0,5,0,0,2,2,1,1,0,0
1,2,2,51,31,3,1,1,21,8,6,2,3,2,2,0,4,1,1
5,0,0,42,0,1,2,1,8,0,4,0,0,1,1,1,2,2,2
1,2,3,73,20,1,1,1,18,2,5,0,0,2,2,0,0,1,1
5,0,0,23,0,1,1,1,1,0,3,0,0,1,1,1,3,0,0
5,0,0,57,0,1,1,1,2,0,5,3,1,2,2,0,0,2,2
9,9,8,65,31,3,1,1,10,1,1,0,0,1,1,1,0,1,2
1,2,6,58,24,0,1,3,27,0,3,1,2,1,2,2,1,0,0
3,0,0,59,0,1,1,1,19,0,5,0,0,1,1,0,1,1,1
1,2,0,27,0,4,2,1,14,0,5,1,1,2,2,0,3,1,1
5,0,0,29,0,3,1,1,17,0,4,0,0,1,1,1,2,1,1
1,2,3,32,18,1,2,1,20,8,5,0,0,2,2,0,2,1,1
5,0,1,32,26,0,1,1,17,0,4,1,3,2,1,1,1,1,2
5,0,0,27,0,1,1,3,15,0,3,0,0,2,1,2,2,0,0
1,2,0,40,0,1,2,1,19,0,4,1,1,3,2,0,1,1,1
1,2,2,30,24,3,2,1,17,8,4,1,3,2,2,1,1,1,2
5,0,0,68,0,2,2,1,19,1,3,0,0,1,1,2,0,1,1
3,0,1,47,29,3,2,1,11,2,3,3,1,1,1,1,2,0,0
5,0,0,51,0,0,1,1,1,0,4,2,1,2,1,2,2,2,2
1,2,3,56,17,0,2,1,19,0,8,0,0,2,3,8,1,2,2
3,0,2,70,21,1,1,1,14,2,7,3,1,2,2,1,1,0,0
1,1,6,80,23,1,1,3,15,1,2,0,0,1,1,0,0,1,1
1,1,2,53,15,0,2,1,17,1,4,1,3,1,1,1,3,1,1
3,0,4,79,22,1,1,1,9,2,5,0,0,2,2,2,0,0,0
1,2,2,57,19,1,2,1,18,2,3,2,1,2,2,0,2,1,1
2,1,3,59,18,1,2,1,2,0,2,0,0,2,1,1,0,1,2
1,2,2,61,20,0,2,1,21,2,5,0,0,1,1,0,2,1,1
3,0,2,45,23,1,1,1,20,2,4,0,0,3,2,2,1,0,0
3,0,2,66,19,1,1,1,98,1,3,1,1,3,1,0,0,2,2
3,0,2,55,24,1,2,1,13,2,3,0,0,8,1,0,3,2,2
1,2,2,60,18,1,2,1,16,2,6,2,1,1,2,1,0,1,1
2,9,3,79,19,1,2,1,27,2,6,3,1,3,2,0,0,1,1
1,1,4,55,28,1,1,1,23,2,4,0,0,2,1,1,1,1,1
1,2,2,48,28,1,2,1,19,0,5,2,2,2,2,8,1,0,0
3,0,2,56,20,2,2,1,18,1,5,0,0,1,2,0,1,2,2
1,2,2,66,24,1,1,1,19,1,6,2,1,2,2,2,0,2,2
1,2,2,30,24,4,2,1,22,0,4,1,1,1,2,0,1,1,1
5,0,1,21,21,1,2,1,19,0,4,1,1,2,2,0,2,1,2
3,0,1,29,27,1,1,1,15,2,7,0,0,1,1,1,1,1,1
1,2,3,81,22,1,2,1,14,2,4,1,2,1,2,2,3,0,0
3,0,2,57,23,1,2,1,17,1,4,0,0,1,1,0,2,2,2
3,0,3,37,25,1,1,1,10,0,6,0,0,3,2,1,1,0,0
1,1,6,77,17,0,1,1,98,2,3,1,1,1,1,0,0,1,1
4,0,2,67,20,0,1,2,1,1,8,0,0,2,2,2,0,2,2
1,2,4,34,17,0,2,3,17,0,1,1,2,2,1,2,1,0,0
5,0,0,24,0,3,2,2,23,1,3,1,3,2,1,1,2,2,2
5,0,0,21,0,1,2,3,14,0,4,1,1,1,2,0,1,2,2
5,0,3,30,21,0,1,3,5,0,1,0,0,2,2,1,3,2,2
5,0,2,28,21,2,2,2,3,1,5,0,0,8,8,0,9,2,2
5,0,0,22,0,1,2,2,1,0,3,1,8,3,2,8,1,2,2
1,2,7,84,22,0,1,2,1,1,3,0,0,2,8,2,0,0,0
1,2,1,65,47,1,1,1,11,2,7,0,0,3,1,1,1,3,3
1,2,2,74,23,1,1,1,15,0,6,2,1,2,1,2,0,0,0
5,0,0,89,0,1,2,1,8,0,8,0,0,1,8,0,0,1,1
3,0,4,46,19,1,1,2,21,1,3,2,2,1,1,2,3,1,1
2,2,5,74,17,0,2,1,98,0,6,0,0,3,1,2,1,0,0
1,1,3,34,17,0,2,1,18,0,4,0,0,2,2,0,2,1,1
1,2,3,34,16,2,2,2,21,1,2,1,8,3,3,2,2,1,2
2,1,4,64,18,0,2,2,8,1,2,0,0,1,2,1,0,1,1
1,1,5,40,17,2,2,1,25,2,6,2,1,2,2,2,1,0,0
1,2,2,56,24,2,1,2,22,0,4,1,2,1,1,2,2,2,2
5,0,3,26,15,1,2,2,1,0,4,0,0,1,8,2,9,2,2
3,0,2,64,21,1,1,1,14,2,7,2,3,3,2,2,0,0,0
5,0,0,68,0,4,2,1,14,2,6,3,1,2,3,2,1,2,2
1,2,1,30,26,1,2,1,19,0,5,0,0,1,1,2,1,0,0
2,2,3,41,18,1,2,1,18,2,6,1,8,1,1,2,2,0,0
5,0,2,22,19,1,1,2,1,0,8,1,2,3,1,8,2,1,1
3,0,1,66,36,1,2,1,9,1,3,0,0,2,2,2,8,0,0
1,1,6,35,22,1,2,1,21,0,8,1,1,1,2,0,1,1,2
1,1,3,43,28,0,1,1,14,0,4,0,0,2,1,1,2,2,2
1,2,2,48,19,1,2,1,21,2,4,1,1,2,1,1,2,0,0
5,0,4,34,17,0,1,3,18,0,2,1,2,1,1,0,2,2,2
1,1,1,60,19,1,1,1,10,2,6,0,0,2,1,1,0,2,2
3,0,0,52,0,0,2,1,1,0,7,2,1,8,2,1,3,0,0
5,0,4,37,13,1,2,2,9,1,4,1,2,1,1,0,2,2,2
5,0,1,25,19,0,2,2,9,0,1,0,0,1,1,1,3,2,2
5,0,3,41,18,1,2,2,6,1,4,1,2,3,3,1,1,0,0
5,0,2,41,19,1,1,2,9,0,1,0,0,8,8,0,1,2,2
2,1,7,77,30,0,2,2,9,1,1,0,0,1,1,1,0,0,0
5,0,1,23,20,1,2,2,2,0,7,1,1,2,2,0,1,2,2
5,0,2,53,21,1,2,2,10,1,5,0,0,2,2,0,0,2,2
5,0,1,30,19,1,1,2,15,0,4,2,2,2,2,1,2,2,2
5,0,0,21,0,1,2,2,8,8,2,2,2,2,2,0,1,2,2
4,0,3,75,25,0,1,2,3,0,8,0,0,8,2,1,9,1,1
1,2,3,77,23,1,1,2,4,1,7,0,0,2,2,0,0,1,2
1,1,7,68,20,0,1,2,9,1,2,0,0,1,2,1,1,2,2
1,2,2,28,21,1,2,2,14,0,4,0,0,1,1,0,4,2,2
5,0,0,20,0,1,2,2,8,0,4,1,2,1,2,1,1,8,0
3,0,5,66,22,0,1,1,8,0,8,0,0,3,8,2,0,0,0
3,0,6,52,21,0,1,2,21,0,4,2,2,2,2,0,2,1,1
1,2,0,40,0,1,1,1,20,0,2,0,0,1,1,1,2,2,2
1,1,0,31,0,1,2,2,20,0,6,0,0,1,2,2,4,2,2
5,0,0,32,0,1,1,2,13,1,3,2,2,2,1,8,2,0,0
5,0,1,53,17,1,2,2,1,8,2,0,0,1,1,0,0,2,2
4,0,2,78,37,1,1,2,19,0,6,2,3,3,1,2,0,2,2
1,1,2,54,25,1,1,1,24,2,4,0,0,2,1,1,0,0,0
5,0,1,25,22,1,2,1,16,0,5,1,3,2,2,0,0,2,2
1,2,4,53,21,0,2,1,19,0,4,0,0,2,2,0,2,1,2
3,0,0,54,0,1,2,1,7,2,4,1,1,1,8,1,0,2,2
5,0,0,26,0,1,1,1,17,2,6,1,2,2,2,2,1,0,0
1,1,3,75,19,0,1,1,98,0,6,0,0,2,1,0,2,1,2
1,2,0,56,0,3,1,1,23,2,6,2,2,1,1,0,3,1,1
1,2,0,36,0,4,2,1,21,1,1,1,3,2,1,1,9,1,2
3,0,3,52,16,1,2,1,19,0,5,2,2,2,2,1,2,2,2
1,1,3,68,23,1,1,2,27,1,3,0,0,3,1,1,2,0,0
3,0,2,67,30,1,1,2,18,0,1,1,3,2,1,0,0,1,1
1,2,2,53,21,3,1,1,21,2,6,0,0,2,1,1,2,1,1
1,2,1,43,29,2,2,1,22,2,6,0,0,1,1,2,2,0,0
1,2,2,38,30,3,2,1,20,1,2,1,3,2,1,1,2,0,0
2,2,3,68,20,1,2,1,98,1,4,0,0,1,1,0,0,1,1
2,2,3,57,21,3,2,1,22,3,2,1,3,1,1,0,1,2,2
5,0,4,39,20,1,1,1,21,2,4,0,0,2,1,2,1,1,1
5,0,0,66,0,3,1,1,2,1,3,0,0,1,1,1,3,0,0
2,2,3,74,24,4,1,1,22,0,5,0,0,2,1,2,0,1,1
5,0,2,39,30,1,2,1,19,0,2,1,3,1,1,1,2,0,0
1,2,2,50,30,2,1,1,23,3,5,0,0,1,2,2,2,0,0
3,0,0,74,0,1,2,1,13,2,4,1,2,1,1,2,0,0,0
1,2,2,35,31,3,2,1,26,9,4,1,1,1,2,2,1,2,2
1,2,2,76,28,4,1,1,25,1,4,1,2,2,2,0,0,1,1
2,2,5,65,33,4,2,1,17,1,2,0,0,2,2,2,0,2,2
1,2,0,54,0,4,2,1,22,1,4,0,0,1,1,0,1,1,1
5,0,0,25,0,3,2,1,17,0,4,0,0,1,1,1,3,0,0
2,1,4,87,19,1,2,1,98,0,6,0,0,8,8,2,2,2,2
3,0,3,46,19,1,2,1,12,2,4,1,3,2,3,1,2,2,2
1,1,0,29,0,1,2,1,19,0,4,1,2,2,1,0,1,1,2
2,2,2,89,27,0,1,1,98,0,4,1,2,2,2,2,0,0,0
3,0,2,68,19,1,2,1,8,2,9,0,0,3,3,0,0,2,2
5,0,0,19,0,1,1,1,11,0,4,2,2,2,1,1,0,2,2
3,0,2,37,29,1,2,1,27,0,4,1,2,2,2,0,2,2,2
1,2,4,75,19,1,2,1,16,2,5,2,2,3,2,0,1,2,2
1,1,3,67,22,1,2,1,22,3,4,0,0,1,1,1,0,1,2
1,1,2,72,31,1,1,1,19,2,6,2,1,1,2,2,0,0,0
2,2,6,79,21,1,2,1,27,0,8,0,0,2,1,0,1,1,2
